region_id,province_id,city,total_population,household_population,number_of_households,_avg_per_household
NCR,NCR-MMA,City of Manila,1846513,1837785,486293,3.779172227
NCR,NCR-MMA,City of Mandaluyong,425758,419333,116954,3.5854524
NCR,NCR-MMA,City of San Juan,126347,124699,31519,3.956312066
NCR,NCR-MMA,City of Marikina,456059,452961,104415,4.338083609
NCR,NCR-MMA,Quezon City,2960048,2950493,738724,3.994039723
NCR,NCR-MMA,City of Pasig,803159,801439,212895,3.764480143
NCR,NCR-MMA,City of Makati,629616,624032,186381,3.34815244
NCR,NCR-MMA,City of Taguig,886722,882622,246873,3.575206685
NCR,NCR-MMA,City of Caloocan,1661584,1659025,404252,4.103937643
NCR,NCR-MMA,City of Malabon,380522,379463,94241,4.026517121
NCR,NCR-MMA,City of Navotas,247543,246743,63167,3.906201023
NCR,NCR-MMA,City of Valenzuela,714978,713181,193025,3.694759746
NCR,NCR-MMA,City of Las Piñas,606293,604283,156899,3.851413967
NCR,NCR-MMA,City of Muntinlupa,543445,519112,138331,3.752680166
NCR,NCR-MMA,City of Parañaque,689992,686313,182216,3.766480441
NCR,NCR-MMA,Pasay City,440656,437003,127629,3.424010217
NCR,NCR-MMA,Municipality of Pateros,65227,65064,15838,4.108094456
CAR,CAR-ABR,Bangued (Capital),50382,49982,12279,4.070526916
CAR,CAR-ABR,Boliney,4551,4548,871,5.221584386
CAR,CAR-ABR,Bucay,17953,17903,4339,4.126065914
CAR,CAR-ABR,Bucloc,2395,2395,480,4.989583333
CAR,CAR-ABR,Daguioman,2019,2019,414,4.876811594
CAR,CAR-ABR,Danglas,4074,4074,989,4.119312437
CAR,CAR-ABR,Dolores,11512,11509,2847,4.042500878
CAR,CAR-ABR,La Paz,16493,16483,4147,3.974680492
CAR,CAR-ABR,Lacub,3612,3586,676,5.304733728
CAR,CAR-ABR,Lagangilang,14914,14857,3415,4.350512445
CAR,CAR-ABR,Lagayan,4488,4487,1085,4.135483871
CAR,CAR-ABR,Langiden,3576,3576,802,4.458852868
CAR,CAR-ABR,Licuan-Baay (Licuan),4566,4554,993,4.586102719
CAR,CAR-ABR,Luba,6518,6510,1462,4.452804378
CAR,CAR-ABR,Malibcong,4027,4013,835,4.805988024
CAR,CAR-ABR,Manabo,11611,11609,2788,4.163916786
CAR,CAR-ABR,Peñarrubia,6951,6951,1672,4.157296651
CAR,CAR-ABR,Pidigan,12475,12456,3004,4.146471372
CAR,CAR-ABR,Pilar,10146,10134,2461,4.117838277
CAR,CAR-ABR,Sallapadan,6389,6389,1464,4.364071038
CAR,CAR-ABR,San Isidro,4745,4742,1193,3.974853311
CAR,CAR-ABR,San Juan,10688,10669,2525,4.225346535
CAR,CAR-ABR,San Quintin,5705,5695,1438,3.960361613
CAR,CAR-ABR,Tayum,14869,14864,3507,4.238380382
CAR,CAR-ABR,Tineg,4977,4976,875,5.686857143
CAR,CAR-ABR,Tubo,5674,5661,1028,5.506809339
CAR,CAR-ABR,Villaviciosa,5675,5667,1367,4.14557425
CAR,CAR-APY,Calanasan (Bayag),12550,12457,2607,4.778289221
CAR,CAR-APY,Conner,27552,27465,6143,4.470942536
CAR,CAR-APY,Flora,17944,17899,4559,3.926080281
CAR,CAR-APY,Kabugao (Capital),16215,16173,3506,4.61294923
CAR,CAR-APY,Luna,21297,21172,5047,4.194967307
CAR,CAR-APY,Pudtol,15491,15474,3608,4.288802661
CAR,CAR-APY,Santa Marcela,13317,13297,3392,3.920106132
CAR,CAR-BEN,Atok,19218,19189,4736,4.051731419
CAR,CAR-BEN,Bakun,14535,14485,3456,4.191261574
CAR,CAR-BEN,Bokod,14435,14429,3429,4.207932342
CAR,CAR-BEN,Buguias,44877,44635,11937,3.739214208
CAR,CAR-BEN,Itogon,61498,61232,15209,4.026037215
CAR,CAR-BEN,Kabayan,15806,15764,3752,4.201492537
CAR,CAR-BEN,Kapangan,19297,19275,4626,4.166666667
CAR,CAR-BEN,Kibungan,17051,17033,4127,4.127211049
CAR,CAR-BEN,La Trinidad (Capital),137404,136964,36824,3.719422116
CAR,CAR-BEN,Mankayan,37233,37233,9288,4.00872093
CAR,CAR-BEN,Sablan,11588,11539,2819,4.093295495
CAR,CAR-BEN,Tuba,48312,48266,12004,4.020826391
CAR,CAR-BEN,Tublay,19429,19424,4485,4.330880713
CAR,CAR-BEN,City of Baguio,366358,363151,100220,3.623538216
CAR,CAR-IFU,Banaue,20652,20636,4306,4.792382722
CAR,CAR-IFU,Hungduan,8866,8854,1983,4.464952093
CAR,CAR-IFU,Kiangan,17691,17589,3965,4.436065574
CAR,CAR-IFU,Lagawe (Capital),18876,18849,4426,4.258698599
CAR,CAR-IFU,Lamut,26235,26172,6224,4.205012853
CAR,CAR-IFU,Mayoyao,15621,15615,3942,3.961187215
CAR,CAR-IFU,Alfonso Lista (Potia),34061,34014,8162,4.167360941
CAR,CAR-IFU,Aguinaldo,21128,21117,5571,3.790522348
CAR,CAR-IFU,Hingyon,9930,9930,2346,4.232736573
CAR,CAR-IFU,Tinoc,18475,18391,4504,4.083259325
CAR,CAR-IFU,Asipulo,15963,15963,3327,4.798016231
CAR,CAR-KLG,Balbalan,12914,12900,2528,5.102848101
CAR,CAR-KLG,Lubuagan,9323,9312,1982,4.698284561
CAR,CAR-KLG,Pasil,10577,10573,2066,5.117618587
CAR,CAR-KLG,Pinukpuk,34275,34267,7290,4.700548697
CAR,CAR-KLG,Rizal (Liwan),19554,19542,4461,4.380632145
CAR,CAR-KLG,City of Tabuk (Capital),121033,120853,25731,4.696785978
CAR,CAR-KLG,Tanudan,8746,8743,1568,5.575892857
CAR,CAR-KLG,Tinglayan,13148,13138,2453,5.355890746
CAR,CAR-MTP,Barlig,4796,4787,1279,3.742767787
CAR,CAR-MTP,Bauko,32021,31993,7360,4.346875
CAR,CAR-MTP,Besao,6873,6824,1738,3.926352129
CAR,CAR-MTP,Bontoc (Capital),24104,23882,6452,3.701487911
CAR,CAR-MTP,Natonin,10339,10336,2280,4.533333333
CAR,CAR-MTP,Paracelis,31168,31110,7159,4.345578991
CAR,CAR-MTP,Sabangan,9621,9619,2303,4.17672601
CAR,CAR-MTP,Sadanga,8427,8427,1748,4.820938215
CAR,CAR-MTP,Sagada,11510,11499,2798,4.109721229
CAR,CAR-MTP,Tadian,19341,19321,4484,4.308876004
R1,R1-ILN,Adams,2189,2189,516,4.242248062
R1,R1-ILN,Bacarra,33496,33475,8620,3.883410673
R1,R1-ILN,Badoc,32530,32514,8019,4.054620277
R1,R1-ILN,Bangui,15019,15002,4025,3.727204969
R1,R1-ILN,City of Batac,55484,55339,13970,3.961274159
R1,R1-ILN,Burgos,10759,10736,2832,3.790960452
R1,R1-ILN,Carasi,1607,1607,344,4.671511628
R1,R1-ILN,Currimao,12215,12169,3088,3.940738342
R1,R1-ILN,Dingras,40127,40093,9927,4.038783117
R1,R1-ILN,Dumalneg,3087,3087,687,4.493449782
R1,R1-ILN,Banna (Espiritu),19297,19297,4899,3.938967136
R1,R1-ILN,City of Laoag (Capital),111651,111292,27875,3.992538117
R1,R1-ILN,Marcos,18010,17986,4675,3.847272727
R1,R1-ILN,Nueva Era,11968,11956,2989,4
R1,R1-ILN,Pagudpud,25098,25032,6690,3.741704036
R1,R1-ILN,Paoay,25001,24968,6233,4.00577571
R1,R1-ILN,Pasuquin,29678,29616,7501,3.948273564
R1,R1-ILN,Piddig,22475,22474,5487,4.095862949
R1,R1-ILN,Pinili,17626,17621,4374,4.028577961
R1,R1-ILN,San Nicolas,38895,38710,9404,4.116333475
R1,R1-ILN,Sarrat,25186,25186,6442,3.909655387
R1,R1-ILN,Solsona,24851,24827,5953,4.170502268
R1,R1-ILN,Vintar,33339,33332,8422,3.957729755
R1,R1-ILS,Alilem,7361,7361,1648,4.466626214
R1,R1-ILS,Banayoyo,7931,7928,1929,4.109901503
R1,R1-ILS,Bantay,37118,36949,9243,3.99751163
R1,R1-ILS,Burgos,12793,12787,3135,4.078787879
R1,R1-ILS,Cabugao,38884,38822,9172,4.232664631
R1,R1-ILS,City of Candon,61432,61241,15125,4.048991736
R1,R1-ILS,Caoayan,19574,19567,4838,4.044439851
R1,R1-ILS,Cervantes,19449,19405,4370,4.440503432
R1,R1-ILS,Galimuyod,10244,10244,2496,4.104166667
R1,R1-ILS,Gregorio del Pilar (Concepcion),4472,4462,956,4.667364017
R1,R1-ILS,Lidlidda,4705,4657,1072,4.344216418
R1,R1-ILS,Magsingal,31308,31284,7840,3.990306122
R1,R1-ILS,Nagbukel,5465,5462,1361,4.013225569
R1,R1-ILS,Narvacan,46234,46172,11269,4.097257964
R1,R1-ILS,Quirino (Angkaki),9306,9242,2105,4.390498812
R1,R1-ILS,Salcedo (Baugen),11110,11090,2836,3.910437236
R1,R1-ILS,San Emilio,7206,7206,1672,4.309808612
R1,R1-ILS,San Esteban,8381,8369,2150,3.89255814
R1,R1-ILS,San Ildefonso,8190,8173,1976,4.136133603
R1,R1-ILS,San Juan (Lapog),26674,26660,6735,3.958426132
R1,R1-ILS,San Vicente,13118,13110,3229,4.06008052
R1,R1-ILS,Santa,14992,14946,3661,4.082491123
R1,R1-ILS,Santa Catalina,14493,14493,3321,4.364046974
R1,R1-ILS,Santa Cruz,41366,41297,9815,4.20753948
R1,R1-ILS,Santa Lucia,25966,25923,6645,3.901128668
R1,R1-ILS,Santa Maria,30006,29978,7453,4.02227291
R1,R1-ILS,Santiago,19471,19445,4821,4.033395561
R1,R1-ILS,Santo Domingo,29041,29041,7346,3.953307923
R1,R1-ILS,Sigay,2552,2550,547,4.66179159
R1,R1-ILS,Sinait,25998,25998,6897,3.769464985
R1,R1-ILS,Sugpon,4930,4928,949,5.192834563
R1,R1-ILS,Suyo,10766,10737,2742,3.915754923
R1,R1-ILS,Tagudin,41538,41373,9992,4.14061249
R1,R1-ILS,City of Vigan (Capital),53935,53318,12702,4.197606676
R1,R1-LAU,Agoo,66028,65778,15953,4.123237009
R1,R1-LAU,Aringay,50380,50379,12237,4.116940427
R1,R1-LAU,Bacnotan,44388,44374,11675,3.800770878
R1,R1-LAU,Bagulin,14428,14425,3341,4.31756959
R1,R1-LAU,Balaoan,40339,40283,10204,3.947765582
R1,R1-LAU,Bangar,38041,38022,9485,4.008645229
R1,R1-LAU,Bauang,78449,78209,19796,3.950747626
R1,R1-LAU,Burgos,9006,9001,2145,4.196270396
R1,R1-LAU,Caba,23119,23093,5923,3.898868816
R1,R1-LAU,Luna,37318,37312,9756,3.824518245
R1,R1-LAU,Naguilian,52189,52143,12915,4.037398374
R1,R1-LAU,Pugo,19337,19333,4953,3.903290935
R1,R1-LAU,Rosario,60278,60203,14433,4.171204878
R1,R1-LAU,City of San Fernando (Capital),125640,124494,32184,3.868195377
R1,R1-LAU,San Gabriel,18943,18909,4381,4.316137868
R1,R1-LAU,San Juan,40507,40473,10080,4.015178571
R1,R1-LAU,Santo Tomas,40846,40842,10392,3.930138568
R1,R1-LAU,Santol,14166,14166,3325,4.260451128
R1,R1-LAU,Sudipen,17187,17176,4238,4.05285512
R1,R1-LAU,Tubao,31763,31728,7618,4.16487267
R1,R1-PNG,Agno,29947,29925,7382,4.053779464
R1,R1-PNG,Aguilar,45100,45043,9934,4.534225891
R1,R1-PNG,City of Alaminos,99397,99368,25195,3.943957134
R1,R1-PNG,Alcala,48908,48871,11999,4.072922744
R1,R1-PNG,Anda,41548,41548,10588,3.924064979
R1,R1-PNG,Asingan,57811,57811,15331,3.770856435
R1,R1-PNG,Balungao,30004,29882,7908,3.778705109
R1,R1-PNG,Bani,52603,52599,13738,3.828723249
R1,R1-PNG,Basista,37679,37679,8824,4.27005893
R1,R1-PNG,Bautista,35398,35398,8478,4.175277188
R1,R1-PNG,Bayambang,129011,128991,30730,4.197559388
R1,R1-PNG,Binalonan,56382,56280,14457,3.892923843
R1,R1-PNG,Binmaley,86881,86872,20871,4.162330506
R1,R1-PNG,Bolinao,83979,83883,20791,4.034582271
R1,R1-PNG,Bugallon,74962,74933,17456,4.292678735
R1,R1-PNG,Burgos,23749,23539,5601,4.202642385
R1,R1-PNG,Calasiao,100471,100442,24225,4.14621259
R1,R1-PNG,City of Dagupan,174302,173303,42017,4.124592427
R1,R1-PNG,Dasol,31355,31355,7586,4.133271817
R1,R1-PNG,Infanta,26242,26242,6460,4.062229102
R1,R1-PNG,Labrador,26811,26791,6484,4.131863048
R1,R1-PNG,Lingayen (Capital),107728,107432,25001,4.297108116
R1,R1-PNG,Mabini,26454,26454,6650,3.978045113
R1,R1-PNG,Malasiqui,143094,143094,34428,4.156326246
R1,R1-PNG,Manaoag,76045,75901,17659,4.298148253
R1,R1-PNG,Mangaldan,113185,113149,27502,4.114209876
R1,R1-PNG,Mangatarem,79323,79252,19840,3.994556452
R1,R1-PNG,Mapandan,38058,38032,9326,4.078061334
R1,R1-PNG,Natividad,25771,25766,6749,3.817750778
R1,R1-PNG,Pozorrubio,74729,74729,20294,3.682319898
R1,R1-PNG,Rosales,66711,66686,16862,3.954809631
R1,R1-PNG,City of San Carlos,205424,205353,47785,4.297436434
R1,R1-PNG,San Fabian,87428,87395,22669,3.855264899
R1,R1-PNG,San Jacinto,44351,44274,10348,4.278507924
R1,R1-PNG,San Manuel,54271,54196,14029,3.863140637
R1,R1-PNG,San Nicolas,39778,39778,9891,4.021635831
R1,R1-PNG,San Quintin,33980,33978,8683,3.913163653
R1,R1-PNG,Santa Barbara,92187,92187,21809,4.227016369
R1,R1-PNG,Santa Maria,34220,34220,8249,4.148381622
R1,R1-PNG,Santo Tomas,14878,14878,3816,3.89884696
R1,R1-PNG,Sison,52320,51973,12948,4.013978993
R1,R1-PNG,Sual,39091,39013,10084,3.868802063
R1,R1-PNG,Tayug,45241,45161,12184,3.706582403
R1,R1-PNG,Umingan,77074,77074,20380,3.781844946
R1,R1-PNG,Urbiztondo,55557,55557,12323,4.508398929
R1,R1-PNG,City of Urdaneta,144577,143785,35215,4.083061196
R1,R1-PNG,Villasis,65047,65031,16612,3.914700217
R1,R1-PNG,Laoac,34128,34125,8811,3.87299966
R2,R2-BTN,Basco (Capital),9517,9379,2823,3.322352108
R2,R2-BTN,Itbayat,3128,3074,923,3.330444204
R2,R2-BTN,Ivana,1407,1400,413,3.389830508
R2,R2-BTN,Mahatao,1703,1670,497,3.360160966
R2,R2-BTN,Sabtang,1696,1694,492,3.443089431
R2,R2-BTN,Uyugan,1380,1376,399,3.448621554
R2,R2-CAG,Abulug,34579,34562,8165,4.232945499
R2,R2-CAG,Alcala,41295,41271,9993,4.129990994
R2,R2-CAG,Allacapan,35234,35233,8389,4.199904637
R2,R2-CAG,Amulung,50336,50284,11891,4.228744429
R2,R2-CAG,Aparri,68839,68622,15785,4.347291733
R2,R2-CAG,Baggao,87753,87710,21486,4.082193056
R2,R2-CAG,Ballesteros,34488,34323,8765,3.915915573
R2,R2-CAG,Buguey,32148,32144,7658,4.197440585
R2,R2-CAG,Calayan,17410,17403,4250,4.094823529
R2,R2-CAG,Camalaniugan,25236,25236,6112,4.128926702
R2,R2-CAG,Claveria,31900,31750,8224,3.860651751
R2,R2-CAG,Enrile,36705,36664,8235,4.452216151
R2,R2-CAG,Gattaran,58874,58806,14213,4.137479772
R2,R2-CAG,Gonzaga,41680,41657,9685,4.301187403
R2,R2-CAG,Iguig,30060,30007,7015,4.277548111
R2,R2-CAG,Lal-lo,48733,48612,11612,4.186358939
R2,R2-CAG,Lasam,41225,41210,9890,4.166835187
R2,R2-CAG,Pamplona,24781,24776,5850,4.235213675
R2,R2-CAG,Peñablanca,50300,50241,11595,4.332988357
R2,R2-CAG,Piat,24805,24793,6123,4.049158909
R2,R2-CAG,Rizal,19077,19074,4485,4.252842809
R2,R2-CAG,Sanchez-Mira,26164,26103,6645,3.928216704
R2,R2-CAG,Santa Ana,35688,35181,8203,4.288796782
R2,R2-CAG,Santa Praxedes,4434,4431,1071,4.137254902
R2,R2-CAG,Santa Teresita,19573,19500,4926,3.958587089
R2,R2-CAG,Santo Niño (Faire),28537,28516,7174,3.974909395
R2,R2-CAG,Solana,88445,88347,21407,4.127014528
R2,R2-CAG,Tuao,63970,63840,14785,4.317889753
R2,R2-CAG,Tuguegarao City (Capital),166334,165244,37896,4.360460207
R2,R2-ISA,Alicia,73874,73853,19564,3.774943774
R2,R2-ISA,Angadanan,44977,44977,11130,4.041060198
R2,R2-ISA,Aurora,36621,36621,9471,3.86664555
R2,R2-ISA,Benito Soliven,29752,29752,7373,4.0352638
R2,R2-ISA,Burgos,26040,25978,6410,4.052730109
R2,R2-ISA,Cabagan,53897,53828,11843,4.545132146
R2,R2-ISA,Cabatuan,39990,39990,9843,4.062785736
R2,R2-ISA,City of Cauayan,143403,143280,36399,3.936371878
R2,R2-ISA,Cordon,46477,46432,11578,4.010364484
R2,R2-ISA,Dinapigue,5821,5801,1405,4.128825623
R2,R2-ISA,Divilacan,5827,5814,1449,4.01242236
R2,R2-ISA,Echague,88410,88378,23536,3.755013596
R2,R2-ISA,Gamu,30655,30644,7501,4.085321957
R2,R2-ISA,City of Ilagan (Capital),158218,157829,39663,3.979250183
R2,R2-ISA,Jones,45628,45608,11804,3.863774992
R2,R2-ISA,Luna,20697,20697,5253,3.940034266
R2,R2-ISA,Maconacon,3977,3977,967,4.112719752
R2,R2-ISA,Delfin Albano (Magsaysay),29928,29928,7829,3.822710436
R2,R2-ISA,Mallig,32208,32157,7814,4.115305861
R2,R2-ISA,Naguilian,33788,33788,8363,4.04017697
R2,R2-ISA,Palanan,17684,17684,4537,3.897729777
R2,R2-ISA,Quezon,27037,27037,6618,4.085373225
R2,R2-ISA,Quirino,25023,25023,6632,3.773069964
R2,R2-ISA,Ramon,56523,56523,14823,3.813195709
R2,R2-ISA,Reina Mercedes,27900,27885,7470,3.732931727
R2,R2-ISA,Roxas,65839,65773,16094,4.086802535
R2,R2-ISA,San Agustin,22096,22078,5544,3.982323232
R2,R2-ISA,San Guillermo,20915,20915,4989,4.19222289
R2,R2-ISA,San Isidro,27044,27044,6774,3.99232359
R2,R2-ISA,San Manuel,34085,34084,8714,3.911406931
R2,R2-ISA,San Mariano,60124,60124,14448,4.161406423
R2,R2-ISA,San Mateo,66663,66644,16743,3.980409723
R2,R2-ISA,San Pablo,26320,26320,5867,4.486108744
R2,R2-ISA,Santa Maria,25758,25758,5485,4.696080219
R2,R2-ISA,City of Santiago,148580,148079,36334,4.075494028
R2,R2-ISA,Santo Tomas,24528,24512,5578,4.394406597
R2,R2-ISA,Tumauini,70743,70724,16825,4.203506686
R2,R2-NVZ,Ambaguio,15472,15445,3872,3.988894628
R2,R2-NVZ,Aritao,42197,42176,10307,4.091976327
R2,R2-NVZ,Bagabag,37985,37964,9603,3.953347912
R2,R2-NVZ,Bambang,55789,55661,14470,3.846648238
R2,R2-NVZ,Bayombong (Capital),67714,67552,18012,3.75038863
R2,R2-NVZ,Diadi,19236,19236,4911,3.916921197
R2,R2-NVZ,Dupax del Norte,33295,33275,8860,3.755643341
R2,R2-NVZ,Dupax del Sur,21224,21224,5120,4.1453125
R2,R2-NVZ,Kasibu,41776,41775,9816,4.255806846
R2,R2-NVZ,Kayapa,26469,26469,6130,4.317944535
R2,R2-NVZ,Quezon,24055,23916,6214,3.848728677
R2,R2-NVZ,Santa Fe,18276,18239,4496,4.056717082
R2,R2-NVZ,Solano,65287,64974,18887,3.440144014
R2,R2-NVZ,Villaverde,20118,20118,5688,3.536919831
R2,R2-NVZ,Alfonso Castaneda,8539,8522,1795,4.747632312
R2,R2-QRN,Aglipay,30714,30705,7740,3.967054264
R2,R2-QRN,Cabarroguis (Capital),33533,33380,7966,4.190308812
R2,R2-QRN,Diffun,56102,56051,13942,4.020298379
R2,R2-QRN,Maddela,40943,40879,9893,4.132113616
R2,R2-QRN,Saguday,17137,17135,4251,4.030816279
R2,R2-QRN,Nagtipunan,25399,25380,5754,4.41084463
R3,R3-AUR,Baler (Capital),43785,43419,10197,4.258017064
R3,R3-AUR,Casiguran,26564,26527,6513,4.072931061
R3,R3-AUR,Dilasag,17102,17085,4228,4.040917692
R3,R3-AUR,Dinalungan,12508,12452,3116,3.996148909
R3,R3-AUR,Dingalan,27878,27832,6854,4.060694485
R3,R3-AUR,Dipaculao,33131,33054,8183,4.039349872
R3,R3-AUR,Maria Aurora,44958,44899,11016,4.075798838
R3,R3-AUR,San Luis,29824,29723,6930,4.289033189
R3,R3-BAT,Abucay,42984,42896,10522,4.076791485
R3,R3-BAT,Bagac,31365,31329,7583,4.131478307
R3,R3-BAT,City of Balanga (Capital),104173,103516,24919,4.154099282
R3,R3-BAT,Dinalupihan,118209,118038,28513,4.139795883
R3,R3-BAT,Hermosa,77443,77332,18494,4.181464259
R3,R3-BAT,Limay,78272,78076,19571,3.98937203
R3,R3-BAT,Mariveles,149879,147956,39410,3.754275565
R3,R3-BAT,Morong,35394,35328,8278,4.267697511
R3,R3-BAT,Orani,70342,70342,17524,4.014037891
R3,R3-BAT,Orion,60771,60513,14291,4.234343293
R3,R3-BAT,Pilar,46239,46038,10651,4.322411041
R3,R3-BAT,Samal,38302,38211,9185,4.160152422
R3,R3-BUL,Angat,65617,65516,16554,3.957714148
R3,R3-BUL,Balagtas (Bigaa),77018,76825,19461,3.947638867
R3,R3-BUL,Baliuag,168470,167913,43789,3.834593163
R3,R3-BUL,Bocaue,141412,141041,34682,4.066691656
R3,R3-BUL,Bulacan,81232,81164,20746,3.912272245
R3,R3-BUL,Bustos,77199,76782,19596,3.918248622
R3,R3-BUL,Calumpit,118471,118444,29688,3.989625438
R3,R3-BUL,Guiguinto,113415,112889,28070,4.021695761
R3,R3-BUL,Hagonoy,133448,133398,33922,3.932492188
R3,R3-BUL,City of Malolos (Capital),261189,257066,64898,3.961077383
R3,R3-BUL,Marilao,254453,253004,62109,4.073548117
R3,R3-BUL,City of Meycauayan,225673,225054,60570,3.715601783
R3,R3-BUL,Norzagaray,136064,135887,32851,4.136464643
R3,R3-BUL,Obando,59978,59978,15171,3.953463845
R3,R3-BUL,Pandi,155115,154956,37896,4.088980367
R3,R3-BUL,Paombong,55696,55659,14187,3.923239586
R3,R3-BUL,Plaridel,114432,114230,29013,3.937200565
R3,R3-BUL,Pulilan,108836,108780,28066,3.875864035
R3,R3-BUL,San Ildefonso,115713,115155,29301,3.930070646
R3,R3-BUL,City of San Jose del Monte,651813,651240,156871,4.151436531
R3,R3-BUL,San Miguel,172073,171722,40269,4.264372098
R3,R3-BUL,San Rafael,103097,102855,25220,4.078310864
R3,R3-BUL,Santa Maria,289820,288771,70619,4.089140316
R3,R3-BUL,Doña Remedios Trinidad,28656,28608,7059,4.052698683
R3,R3-NVE,Aliaga,70363,70345,16853,4.174034297
R3,R3-NVE,Bongabon,66839,66817,16305,4.097945416
R3,R3-NVE,City of Cabanatuan,327325,325956,81792,3.985181925
R3,R3-NVE,Cabiao,85862,85819,19174,4.475800563
R3,R3-NVE,Carranglan,42420,42420,10440,4.063218391
R3,R3-NVE,Cuyapo,68066,67975,17907,3.796001564
R3,R3-NVE,Gabaldon (Bitulok & Sabani),38958,38955,9881,3.942414735
R3,R3-NVE,City of Gapan,122968,122774,30186,4.067249718
R3,R3-NVE,General Mamerto Natividad,44311,44311,11346,3.905429226
R3,R3-NVE,General Tinio (Papaya),55925,55902,13137,4.255309431
R3,R3-NVE,Guimba,127653,127397,31574,4.034870463
R3,R3-NVE,Jaen,79189,79173,21000,3.770142857
R3,R3-NVE,Laur,38263,38242,9510,4.021240799
R3,R3-NVE,Licab,29269,29266,7312,4.002461707
R3,R3-NVE,Llanera,42281,42268,11401,3.707394088
R3,R3-NVE,Lupao,45917,45901,11519,3.984807709
R3,R3-NVE,Science City of Muñoz,84308,84154,20933,4.020159557
R3,R3-NVE,Nampicuan,14471,14462,3522,4.106189665
R3,R3-NVE,City of Palayan (Capital),45383,45283,11193,4.045653533
R3,R3-NVE,Pantabangan,31763,31763,7213,4.403576875
R3,R3-NVE,Peñaranda,32269,32146,7635,4.210347086
R3,R3-NVE,Quezon,41845,41841,10540,3.969734345
R3,R3-NVE,Rizal,70196,70186,17402,4.033214573
R3,R3-NVE,San Antonio,83060,83011,20527,4.043990841
R3,R3-NVE,San Isidro,54372,54363,12828,4.237839102
R3,R3-NVE,San Jose City,150917,150453,37243,4.039765862
R3,R3-NVE,San Leonardo,68536,68530,17243,3.97436641
R3,R3-NVE,Santa Rosa,75649,75528,18801,4.017233126
R3,R3-NVE,Santo Domingo,61092,61070,15041,4.060235357
R3,R3-NVE,Talavera,132338,132146,33071,3.99582716
R3,R3-NVE,Talugtug,25236,25204,6702,3.760668457
R3,R3-NVE,Zaragoza,53090,53090,13352,3.976183343
R3,R3-PAM,Apalit,117160,116960,27391,4.270015699
R3,R3-PAM,Arayat,144875,144615,32005,4.518512732
R3,R3-PAM,Bacolor,48066,47964,11679,4.106858464
R3,R3-PAM,Candaba,119497,119485,27052,4.416863818
R3,R3-PAM,Floridablanca,135542,135252,30994,4.363812351
R3,R3-PAM,Guagua,128893,128482,29853,4.303822061
R3,R3-PAM,Lubao,173502,173398,40593,4.271623186
R3,R3-PAM,Mabalacat City,293244,293116,74707,3.923541301
R3,R3-PAM,Macabebe,78151,78129,17956,4.35113611
R3,R3-PAM,Magalang,124188,123400,28072,4.39583927
R3,R3-PAM,Masantol,57990,57989,13465,4.306646862
R3,R3-PAM,Mexico,173403,173187,40498,4.276433404
R3,R3-PAM,Minalin,48380,48321,11180,4.322093023
R3,R3-PAM,Porac,140751,140741,33367,4.21796985
R3,R3-PAM,City of San Fernando (Capital),354666,352801,86217,4.092012016
R3,R3-PAM,San Luis,58551,58551,12836,4.561467747
R3,R3-PAM,San Simon,59182,59100,13635,4.334433443
R3,R3-PAM,Santa Ana,61537,61522,13567,4.534679738
R3,R3-PAM,Santa Rita,48209,48209,11433,4.216653547
R3,R3-PAM,Santo Tomas,42846,42846,11218,3.819397397
R3,R3-PAM,Sasmuan (Sexmoan),29076,29076,6202,4.688165108
R3,R3-PAM,City of Angeles,462928,461165,116343,3.963839681
R3,R3-TAR,Anao,12208,12093,3089,3.914859178
R3,R3-TAR,Bamban,78260,77756,17695,4.39423566
R3,R3-TAR,Camiling,87319,87103,22530,3.866089658
R3,R3-TAR,Capas,156056,155914,37160,4.195748116
R3,R3-TAR,Concepcion,169953,169771,38117,4.453944434
R3,R3-TAR,Gerona,94485,94062,23696,3.969530722
R3,R3-TAR,La Paz,68952,68855,16031,4.295115713
R3,R3-TAR,Mayantoc,32597,32485,8232,3.946185617
R3,R3-TAR,Moncada,62819,62780,15606,4.022811739
R3,R3-TAR,Paniqui,103003,102809,24942,4.121922861
R3,R3-TAR,Pura,25781,25738,6559,3.924073792
R3,R3-TAR,Ramos,22879,22871,5514,4.147805586
R3,R3-TAR,San Clemente,13181,13160,3393,3.878573534
R3,R3-TAR,San Manuel,28387,28385,7000,4.055
R3,R3-TAR,Santa Ignacia,51626,51550,12717,4.053629001
R3,R3-TAR,City of Tarlac (Capital),385398,383556,90676,4.229961622
R3,R3-TAR,Victoria,69370,69292,16939,4.090678316
R3,R3-TAR,San Jose,41182,40884,9665,4.230108639
R3,R3-ZAM,Botolan,66739,66717,17547,3.802188408
R3,R3-ZAM,Cabangan,28118,28096,6957,4.038522352
R3,R3-ZAM,Candelaria,30263,30240,7110,4.253164557
R3,R3-ZAM,Castillejos,67889,67608,17662,3.827879062
R3,R3-ZAM,Iba (Capital),55581,55386,13949,3.970607212
R3,R3-ZAM,Masinloc,54529,54249,13377,4.055393586
R3,R3-ZAM,Palauig,39784,39749,9612,4.135351644
R3,R3-ZAM,San Antonio,37450,37369,9855,3.791882293
R3,R3-ZAM,San Felipe,25033,25029,6571,3.809009283
R3,R3-ZAM,San Marcelino,37719,37713,9773,3.858896961
R3,R3-ZAM,San Narciso,30759,29969,8397,3.569012743
R3,R3-ZAM,Santa Cruz,63839,63737,16033,3.975363313
R3,R3-ZAM,Subic,111912,111683,28202,3.960109212
R3,R3-ZAM,City of Olongapo,260317,258639,66450,3.892234763
R4A,R4A-BTG,Agoncillo,39101,39091,8580,4.556060606
R4A,R4A-BTG,Alitagtag,26819,26767,6873,3.894514768
R4A,R4A-BTG,Balayan,95913,95645,24391,3.921323439
R4A,R4A-BTG,Balete,24055,24012,5709,4.205990541
R4A,R4A-BTG,Batangas City (Capital),351437,349949,87196,4.013360705
R4A,R4A-BTG,Bauan,90819,90750,22420,4.047725245
R4A,R4A-BTG,Calaca,87361,87228,20901,4.173388833
R4A,R4A-BTG,Calatagan,58719,58637,14267,4.109974066
R4A,R4A-BTG,Cuenca,36235,36225,8923,4.059733274
R4A,R4A-BTG,Ibaan,58507,58466,14837,3.94055402
R4A,R4A-BTG,Laurel,43210,43190,9626,4.486806566
R4A,R4A-BTG,Lemery,93186,93154,21122,4.410283117
R4A,R4A-BTG,Lian,56280,56250,15991,3.517603652
R4A,R4A-BTG,City of Lipa,372931,371612,89993,4.129343393
R4A,R4A-BTG,Lobo,40736,40736,9944,4.096540628
R4A,R4A-BTG,Mabini,50858,50752,11725,4.328528785
R4A,R4A-BTG,Malvar,64379,64328,17064,3.769807782
R4A,R4A-BTG,Mataasnakahoy,30621,30561,7685,3.976707872
R4A,R4A-BTG,Nasugbu,136524,136277,32881,4.144551565
R4A,R4A-BTG,Padre Garcia,51853,51791,11778,4.397266089
R4A,R4A-BTG,Rosario,128352,128248,30029,4.270804889
R4A,R4A-BTG,San Jose,79868,79822,20518,3.890340189
R4A,R4A-BTG,San Juan,114068,113806,27553,4.130439517
R4A,R4A-BTG,San Luis,36172,36161,9299,3.888697709
R4A,R4A-BTG,San Nicolas,23908,23904,5209,4.58898061
R4A,R4A-BTG,San Pascual,69009,68963,17717,3.892476153
R4A,R4A-BTG,Santa Teresita,21559,21556,5547,3.886064539
R4A,R4A-BTG,City of Santo Tomas,218500,218107,59686,3.654240525
R4A,R4A-BTG,Taal,61460,61372,14977,4.097749883
R4A,R4A-BTG,Talisay,46238,46199,10785,4.283634678
R4A,R4A-BTG,City of Tanauan,193936,193534,46680,4.145972579
R4A,R4A-BTG,Taysan,40146,40107,9735,4.119876733
R4A,R4A-BTG,Tingloy,19215,19215,5103,3.765432099
R4A,R4A-BTG,Tuy,46519,46440,11448,4.056603774
R4A,R4A-CAV,Alfonso,59306,59107,14556,4.06066227
R4A,R4A-CAV,Amadeo,41901,41574,10317,4.029659785
R4A,R4A-CAV,City of Bacoor,664625,663392,164263,4.038596641
R4A,R4A-CAV,Carmona,106256,105935,28154,3.762698018
R4A,R4A-CAV,City of Cavite,100674,99840,27473,3.634113493
R4A,R4A-CAV,City of Dasmariñas,703141,700604,171618,4.082345675
R4A,R4A-CAV,General Emilio Aguinaldo,23973,23930,5323,4.495585196
R4A,R4A-CAV,City of General Trias,450583,448894,117910,3.807090154
R4A,R4A-CAV,City of Imus,496794,495685,130814,3.789235097
R4A,R4A-CAV,Indang,68699,68516,17012,4.027509993
R4A,R4A-CAV,Kawit,107535,103491,29082,3.558592944
R4A,R4A-CAV,Magallanes,23851,23841,5785,4.121175454
R4A,R4A-CAV,Maragondon,40687,40605,9770,4.156090072
R4A,R4A-CAV,Mendez (Mendez-Nuñez),34879,34796,8606,4.043225657
R4A,R4A-CAV,Naic,160987,160311,38935,4.117400796
R4A,R4A-CAV,Noveleta,49452,49408,13998,3.529647092
R4A,R4A-CAV,Rosario,110807,110564,31510,3.508854332
R4A,R4A-CAV,Silang,295644,288349,71463,4.034941158
R4A,R4A-CAV,City of Tagaytay,85330,83779,22399,3.740300906
R4A,R4A-CAV,Tanza,312116,310434,79243,3.91749429
R4A,R4A-CAV,Ternate,24653,24653,6344,3.886034048
R4A,R4A-CAV,City of Trece Martires (Capital),210503,209146,50312,4.156980442
R4A,R4A-CAV,Gen. Mariano Alvarez,172433,171809,41233,4.166783887
R4A,R4A-LAG,Alaminos,51619,51604,13249,3.894935467
R4A,R4A-LAG,Bay,67182,67134,17848,3.761429852
R4A,R4A-LAG,City of Biñan,407437,406168,117720,3.450288821
R4A,R4A-LAG,City of Cabuyao,355330,354449,100875,3.513744734
R4A,R4A-LAG,City of Calamba,539671,538538,151604,3.55226775
R4A,R4A-LAG,Calauan,87693,87484,21374,4.093010199
R4A,R4A-LAG,Cavinti,23980,23950,6300,3.801587302
R4A,R4A-LAG,Famy,16791,16789,4189,4.007877775
R4A,R4A-LAG,Kalayaan,24755,24714,5790,4.268393782
R4A,R4A-LAG,Liliw,39491,39447,10706,3.6845694
R4A,R4A-LAG,Los Baños,115353,115127,32017,3.595808477
R4A,R4A-LAG,Luisiana,20859,20778,5102,4.07252058
R4A,R4A-LAG,Lumban,32330,32328,8535,3.787697715
R4A,R4A-LAG,Mabitac,21275,21265,5022,4.234368777
R4A,R4A-LAG,Magdalena,27816,27764,6731,4.124795721
R4A,R4A-LAG,Majayjay,27893,27866,7026,3.966125818
R4A,R4A-LAG,Nagcarlan,64866,64855,16796,3.861336032
R4A,R4A-LAG,Paete,24945,24940,5883,4.239333673
R4A,R4A-LAG,Pagsanjan,44327,44321,11404,3.886443353
R4A,R4A-LAG,Pakil,23495,23485,5841,4.020715631
R4A,R4A-LAG,Pangil,25026,25019,6174,4.052316165
R4A,R4A-LAG,Pila,54613,54585,13440,4.061383929
R4A,R4A-LAG,Rizal,18332,18289,4638,3.943294524
R4A,R4A-LAG,City of San Pablo,285348,284298,70979,4.005381874
R4A,R4A-LAG,City of San Pedro,326001,324745,82292,3.94625237
R4A,R4A-LAG,Santa Cruz (Capital),123574,122309,31029,3.941764156
R4A,R4A-LAG,Santa Maria,34511,34416,8869,3.88048258
R4A,R4A-LAG,City of Santa Rosa,414812,413639,122458,3.377803002
R4A,R4A-LAG,Siniloan,39460,39460,9564,4.125888749
R4A,R4A-LAG,Victoria,43408,43370,11943,3.631415892
R4A,R4A-QUE,Agdangan,12764,12764,3350,3.810149254
R4A,R4A-QUE,Alabat,15936,15907,3988,3.988716148
R4A,R4A-QUE,Atimonan,64260,64180,16701,3.84288366
R4A,R4A-QUE,Buenavista,31160,31132,7629,4.080744527
R4A,R4A-QUE,Burdeos,24644,24627,5608,4.391405136
R4A,R4A-QUE,Calauag,71809,71781,18133,3.958583797
R4A,R4A-QUE,Candelaria,137881,137502,36690,3.747669665
R4A,R4A-QUE,Catanauan,72752,72620,17175,4.228238719
R4A,R4A-QUE,Dolores,32514,32403,7642,4.240120387
R4A,R4A-QUE,General Luna,24804,24703,6119,4.037097565
R4A,R4A-QUE,General Nakar,34225,34180,8297,4.119561287
R4A,R4A-QUE,Guinayangan,44045,44039,11521,3.822498047
R4A,R4A-QUE,Gumaca,71942,71463,19260,3.710436137
R4A,R4A-QUE,Infanta,76186,76128,19125,3.98054902
R4A,R4A-QUE,Jomalig,7667,7649,1834,4.170665213
R4A,R4A-QUE,Lopez,94657,94577,23432,4.036232503
R4A,R4A-QUE,Lucban,53091,52355,12692,4.125039395
R4A,R4A-QUE,Macalelon,27312,27253,6465,4.215467904
R4A,R4A-QUE,Mauban,71081,70990,17587,4.036504236
R4A,R4A-QUE,Mulanay,55576,55547,13458,4.127433497
R4A,R4A-QUE,Padre Burgos,23488,23472,5996,3.91460974
R4A,R4A-QUE,Pagbilao,78700,77481,19501,3.973180863
R4A,R4A-QUE,Panukulan,16376,16376,3867,4.234807344
R4A,R4A-QUE,Patnanungan,15052,15047,3426,4.392002335
R4A,R4A-QUE,Perez,12767,12762,3109,4.104856867
R4A,R4A-QUE,Pitogo,22798,22784,5599,4.069298089
R4A,R4A-QUE,Plaridel,10129,10066,2552,3.944357367
R4A,R4A-QUE,Polillo,31908,31632,7939,3.984380904
R4A,R4A-QUE,Quezon,15886,15876,4039,3.93067591
R4A,R4A-QUE,Real,38678,38641,9799,3.943361568
R4A,R4A-QUE,Sampaloc,13629,13609,3447,3.948070786
R4A,R4A-QUE,San Andres,37454,37441,9199,4.070116317
R4A,R4A-QUE,San Antonio,35891,35814,8251,4.34056478
R4A,R4A-QUE,San Francisco (Aurora),62097,62017,14630,4.239029392
R4A,R4A-QUE,San Narciso,51058,51009,12199,4.181408312
R4A,R4A-QUE,Sariaya,161868,161667,39329,4.110630832
R4A,R4A-QUE,Tagkawayan,54003,53928,13060,4.129249617
R4A,R4A-QUE,City of Tayabas,112658,112433,27849,4.037236526
R4A,R4A-QUE,Tiaong,106265,106147,26509,4.004187257
R4A,R4A-QUE,Unisan,25448,25442,6697,3.799014484
R4A,R4A-QUE,City of Lucena (Capital),278924,278347,66905,4.160331814
R4A,R4A-RIZ,Angono,130494,130393,30291,4.304677957
R4A,R4A-RIZ,City of Antipolo,887399,885061,208324,4.248483132
R4A,R4A-RIZ,Baras,87637,87437,21208,4.122831007
R4A,R4A-RIZ,Binangonan,313631,313017,74557,4.198358303
R4A,R4A-RIZ,Cainta,376933,376213,90707,4.147563033
R4A,R4A-RIZ,Cardona,50143,50016,12365,4.044965629
R4A,R4A-RIZ,Jala-Jala,34017,33996,8143,4.174874125
R4A,R4A-RIZ,Rodriguez (Montalban),443954,442970,100823,4.393541156
R4A,R4A-RIZ,Morong,71151,70961,16113,4.403959536
R4A,R4A-RIZ,Pililla,71535,71384,17674,4.038927238
R4A,R4A-RIZ,San Mateo,273306,272455,64054,4.253520467
R4A,R4A-RIZ,Tanay,139420,138185,33178,4.164958708
R4A,R4A-RIZ,Taytay,386451,386175,92234,4.186905046
R4A,R4A-RIZ,Teresa,64072,63062,14731,4.280904216
R4B,R4B-MAR,Boac (Capital),57283,57135,14204,4.022458462
R4B,R4B-MAR,Buenavista,26043,26043,6258,4.161553212
R4B,R4B-MAR,Gasan,36197,36191,9135,3.961795293
R4B,R4B-MAR,Mogpog,34516,34482,9048,3.811007958
R4B,R4B-MAR,Santa Cruz,54692,54547,14358,3.799066722
R4B,R4B-MAR,Torrijos,30476,30432,7554,4.028594122
R4B,R4B-OCM,Abra de Ilog,35176,35036,8334,4.203983681
R4B,R4B-OCM,Calintaan,30190,30173,7405,4.074679271
R4B,R4B-OCM,Looc,7802,7800,2103,3.708987161
R4B,R4B-OCM,Lubang,17437,17386,4680,3.714957265
R4B,R4B-OCM,Magsaysay,39767,39722,9140,4.34595186
R4B,R4B-OCM,Mamburao (Capital),47705,47427,11476,4.132711746
R4B,R4B-OCM,Paluan,18566,18511,4241,4.364772459
R4B,R4B-OCM,Rizal,40429,40416,9622,4.200374143
R4B,R4B-OCM,Sablayan,92598,89804,21709,4.13671749
R4B,R4B-OCM,San Jose,153267,152785,37331,4.092711152
R4B,R4B-OCM,Santa Cruz,42417,42384,10592,4.001510574
R4B,R4B-ORM,Baco,39817,39810,9182,4.33565672
R4B,R4B-ORM,Bansud,42671,42540,10003,4.252724183
R4B,R4B-ORM,Bongabong,76973,76876,18568,4.140241275
R4B,R4B-ORM,Bulalacao (San Pedro),44366,44354,9865,4.496097314
R4B,R4B-ORM,City of Calapan (Capital),145786,145180,35147,4.130651265
R4B,R4B-ORM,Gloria,50496,50418,12050,4.18406639
R4B,R4B-ORM,Mansalay,59114,59107,13332,4.433468347
R4B,R4B-ORM,Naujan,109587,109492,26504,4.131150015
R4B,R4B-ORM,Pinamalayan,90383,90105,21322,4.225916893
R4B,R4B-ORM,Pola,35455,35455,8965,3.954824317
R4B,R4B-ORM,Puerto Galera,41961,41650,9944,4.18845535
R4B,R4B-ORM,Roxas,58849,58815,13564,4.336110292
R4B,R4B-ORM,San Teodoro,19121,19116,4511,4.237641321
R4B,R4B-ORM,Socorro,41585,41585,9869,4.213699463
R4B,R4B-ORM,Victoria,52175,52158,12250,4.257795918
R4B,R4B-PAL,Aborlan,38736,38721,9715,3.985692229
R4B,R4B-PAL,Agutaya,12867,12845,3174,4.046943919
R4B,R4B-PAL,Araceli,14434,14425,3505,4.115549215
R4B,R4B-PAL,Balabac,42527,42386,9267,4.573864249
R4B,R4B-PAL,Bataraza,85439,84245,21294,3.956278764
R4B,R4B-PAL,Brooke's Point,73994,73624,18478,3.984413898
R4B,R4B-PAL,Busuanga,25617,25341,6397,3.961388151
R4B,R4B-PAL,Cagayancillo,6884,6884,1367,5.035844916
R4B,R4B-PAL,Coron,65855,65319,16483,3.962810168
R4B,R4B-PAL,Cuyo,23489,23068,5482,4.207953302
R4B,R4B-PAL,Dumaran,23528,23487,5714,4.110430522
R4B,R4B-PAL,El Nido (Bacuit),50494,50044,12632,3.961684611
R4B,R4B-PAL,Linapacan,16424,16343,3847,4.248245386
R4B,R4B-PAL,Magsaysay,12603,12577,2973,4.230406996
R4B,R4B-PAL,Narra,77948,77875,19513,3.990929124
R4B,R4B-PAL,Quezon,65283,65045,16206,4.013636925
R4B,R4B-PAL,Roxas,69624,69509,17287,4.020882744
R4B,R4B-PAL,San Vicente,33507,33370,8388,3.978302337
R4B,R4B-PAL,Taytay,83357,82954,19482,4.257981727
R4B,R4B-PAL,Kalayaan,193,92,35,2.628571429
R4B,R4B-PAL,Culion,23213,23067,5651,4.081932401
R4B,R4B-PAL,Rizal (Marcos),56162,56032,14028,3.99429712
R4B,R4B-PAL,Sofronio Española,37416,37416,9918,3.772534785
R4B,R4B-PAL,City of Puerto Princesa (Capital),307079,302611,82134,3.68435727
R4B,R4B-ROM,Alcantara,17171,17151,4149,4.133767173
R4B,R4B-ROM,Banton,5737,5734,1495,3.835451505
R4B,R4B-ROM,Cajidiocan,23259,23253,5898,3.942522889
R4B,R4B-ROM,Calatrava,11342,11341,2686,4.222263589
R4B,R4B-ROM,Concepcion,3561,3538,1054,3.356736243
R4B,R4B-ROM,Corcuera,10112,10112,2511,4.027080844
R4B,R4B-ROM,Looc,21799,21758,5641,3.857117532
R4B,R4B-ROM,Magdiwang,15385,15384,3625,4.243862069
R4B,R4B-ROM,Odiongan,49284,48758,12769,3.818466599
R4B,R4B-ROM,Romblon (Capital),40554,40398,10406,3.882183356
R4B,R4B-ROM,San Agustin,24115,24105,5953,4.049218881
R4B,R4B-ROM,San Andres,15940,15913,4094,3.88690767
R4B,R4B-ROM,San Fernando,24171,24108,5641,4.273710335
R4B,R4B-ROM,San Jose,11759,11740,2832,4.145480226
R4B,R4B-ROM,Santa Fe,17802,17792,4490,3.962583519
R4B,R4B-ROM,Ferrol,8005,8001,1999,4.002501251
R4B,R4B-ROM,Santa Maria (Imelda),8989,8986,2396,3.750417362
R5,R5-ALB,Bacacay,72485,72478,16386,4.423166117
R5,R5-ALB,Camalig,72042,71950,17031,4.224649169
R5,R5-ALB,Daraga (Locsin),133893,133721,30777,4.344835429
R5,R5-ALB,Guinobatan,85786,85645,20327,4.213361539
R5,R5-ALB,Jovellar,17795,17785,4161,4.27421293
R5,R5-ALB,City of Legazpi (Capital),209533,208557,46445,4.490408009
R5,R5-ALB,Libon,75073,75062,16765,4.477303907
R5,R5-ALB,City of Ligao,118096,117963,26049,4.528503973
R5,R5-ALB,Malilipot,40857,40836,9233,4.422831149
R5,R5-ALB,Malinao,47395,47328,10928,4.330893119
R5,R5-ALB,Manito,26162,26159,6133,4.265286157
R5,R5-ALB,Oas,66084,66054,15198,4.346229767
R5,R5-ALB,Pio Duran,49070,49041,10813,4.535374087
R5,R5-ALB,Polangui,89176,89125,20382,4.372730841
R5,R5-ALB,Rapu-Rapu,36151,36135,7929,4.557321226
R5,R5-ALB,Santo Domingo (Libog),37765,37693,8819,4.274067355
R5,R5-ALB,City of Tabaco,140961,140594,31415,4.475378004
R5,R5-ALB,Tiwi,56444,56424,12657,4.457928419
R5,R5-CMN,Basud,45133,45133,10409,4.335959266
R5,R5-CMN,Capalonga,36223,36191,8344,4.337368169
R5,R5-CMN,Daet (Capital),111700,111322,25413,4.38051391
R5,R5-CMN,San Lorenzo Ruiz (Imelda),15757,15757,3629,4.341967484
R5,R5-CMN,Jose Panganiban,63662,63645,14560,4.371222527
R5,R5-CMN,Labo,109245,108867,25089,4.339232333
R5,R5-CMN,Mercedes,55334,55317,12571,4.400365922
R5,R5-CMN,Paracale,60198,60177,13588,4.428687077
R5,R5-CMN,San Vicente,12579,12572,2858,4.398880336
R5,R5-CMN,Santa Elena,43582,43563,10205,4.268789809
R5,R5-CMN,Talisay,27244,27232,6430,4.235147745
R5,R5-CMN,Vinzons,49042,49031,11059,4.433583507
R5,R5-CMS,Baao,61493,61470,13200,4.656818182
R5,R5-CMS,Balatan,30669,30663,6464,4.743657178
R5,R5-CMS,Bato,52155,52154,10782,4.837135967
R5,R5-CMS,Bombon,17995,17980,4010,4.483790524
R5,R5-CMS,Buhi,81306,81277,18796,4.324164716
R5,R5-CMS,Bula,73143,73088,15468,4.725109904
R5,R5-CMS,Cabusao,19257,19232,4360,4.411009174
R5,R5-CMS,Calabanga,88906,88839,19444,4.568967291
R5,R5-CMS,Camaligan,25036,25031,5353,4.676069494
R5,R5-CMS,Canaman,36205,36163,8201,4.409584197
R5,R5-CMS,Caramoan,51728,51605,11570,4.460242005
R5,R5-CMS,Del Gallego,26403,26356,6104,4.317824377
R5,R5-CMS,Gainza,11584,11574,2468,4.689627229
R5,R5-CMS,Garchitorena,29436,29405,6013,4.890237818
R5,R5-CMS,Goa,71368,71242,15663,4.548426227
R5,R5-CMS,City of Iriga,114457,113887,25276,4.505736667
R5,R5-CMS,Lagonoy,56714,56529,12225,4.62404908
R5,R5-CMS,Libmanan,112994,112692,25798,4.3682456
R5,R5-CMS,Lupi,33897,33890,8256,4.104893411
R5,R5-CMS,Magarao,26742,26742,5884,4.544867437
R5,R5-CMS,Milaor,33963,33847,7241,4.674354371
R5,R5-CMS,Minalabac,53981,53928,11622,4.640165204
R5,R5-CMS,Nabua,86490,86411,18313,4.718560585
R5,R5-CMS,City of Naga,209170,207196,45984,4.505828114
R5,R5-CMS,Ocampo,51073,51056,10967,4.655420808
R5,R5-CMS,Pamplona,39333,39326,8637,4.553201343
R5,R5-CMS,Pasacao,53461,53378,11971,4.458942444
R5,R5-CMS,Pili (Capital),99196,97994,21266,4.60801279
R5,R5-CMS,Presentacion (Parubcan),22591,22581,4691,4.813685781
R5,R5-CMS,Ragay,59770,59766,14112,4.235119048
R5,R5-CMS,Sagñay,36841,36796,8249,4.460661898
R5,R5-CMS,San Fernando,38626,38497,8313,4.630939492
R5,R5-CMS,San Jose,43973,43941,10144,4.331723186
R5,R5-CMS,Sipocot,68169,67968,15678,4.335246843
R5,R5-CMS,Siruma,19419,19406,4262,4.55326138
R5,R5-CMS,Tigaon,60524,60223,13324,4.519888922
R5,R5-CMS,Tinambac,70176,70144,15167,4.624777477
R5,R5-CAT,Bagamanoc,11086,11067,2605,4.248368522
R5,R5-CAT,Baras,13484,13436,3193,4.207954901
R5,R5-CAT,Bato,21748,21741,5044,4.310269627
R5,R5-CAT,Caramoran,32114,32072,6573,4.879354937
R5,R5-CAT,Gigmoto,8712,8707,1955,4.45370844
R5,R5-CAT,Pandan,21473,21445,4694,4.56859821
R5,R5-CAT,Panganiban (Payo),9713,9706,2183,4.446174989
R5,R5-CAT,San Andres (Calolbon),38480,38386,8843,4.340834558
R5,R5-CAT,San Miguel,15680,15654,3415,4.583894583
R5,R5-CAT,Viga,22869,22845,4896,4.666053922
R5,R5-CAT,Virac (Capital),76520,75716,16951,4.466757123
R5,R5-MAS,Aroroy,88351,87994,18792,4.682524479
R5,R5-MAS,Baleno,28855,28745,6529,4.402665033
R5,R5-MAS,Balud,40155,40122,9039,4.43876535
R5,R5-MAS,Batuan,14610,14583,3580,4.073463687
R5,R5-MAS,Cataingan,50623,50553,12036,4.200149551
R5,R5-MAS,Cawayan,69265,69104,16169,4.273857381
R5,R5-MAS,Claveria,42142,42125,9688,4.348162675
R5,R5-MAS,Dimasalang,24909,24904,5761,4.322860614
R5,R5-MAS,Esperanza,17534,17522,4306,4.069205759
R5,R5-MAS,Mandaon,44122,44068,9833,4.481643446
R5,R5-MAS,City of Masbate (Capital),104522,103508,22357,4.629780382
R5,R5-MAS,Milagros,57538,57388,12371,4.638913588
R5,R5-MAS,Mobo,40823,40813,8691,4.696007364
R5,R5-MAS,Monreal,25164,25161,5502,4.57306434
R5,R5-MAS,Palanas,27322,27306,6479,4.214539281
R5,R5-MAS,Pio V. Corpuz (Limbuhan),23744,23729,5960,3.981375839
R5,R5-MAS,Placer,56340,56275,13197,4.264226718
R5,R5-MAS,San Fernando,21600,21574,5521,3.90762543
R5,R5-MAS,San Jacinto,29686,29660,7474,3.968423869
R5,R5-MAS,San Pascual,44449,44436,10102,4.398732924
R5,R5-MAS,Uson,57166,57161,12964,4.40921012
R5,R5-SOR,Barcelona,20987,20981,5255,3.992578497
R5,R5-SOR,Bulan,105190,104964,23082,4.547439563
R5,R5-SOR,Bulusan,23932,23897,5747,4.15816948
R5,R5-SOR,Casiguran,35602,35510,8288,4.284507722
R5,R5-SOR,Castilla,60635,60365,14035,4.301033131
R5,R5-SOR,Donsol,50281,50264,11262,4.463150417
R5,R5-SOR,Gubat,60294,60224,14568,4.133992312
R5,R5-SOR,Irosin,59267,59180,12753,4.640476751
R5,R5-SOR,Juban,35297,34982,7719,4.531934188
R5,R5-SOR,Magallanes,37411,37388,8393,4.454664601
R5,R5-SOR,Matnog,41989,41953,9455,4.437123215
R5,R5-SOR,Pilar,75793,75758,16669,4.544843722
R5,R5-SOR,Prieto Diaz,22644,22588,5346,4.225215114
R5,R5-SOR,Santa Magdalena,17096,17072,3962,4.308934881
R5,R5-SOR,City of Sorsogon (Capital),182237,181024,40928,4.422986708
R6,R6-AKL,Altavas,25639,25637,6504,3.941728167
R6,R6-AKL,Balete,30090,30090,7373,4.081106741
R6,R6-AKL,Banga,40318,40170,10055,3.99502735
R6,R6-AKL,Batan,33484,33484,8411,3.980977292
R6,R6-AKL,Buruanga,19357,19343,4874,3.968608945
R6,R6-AKL,Ibajay,52364,52285,12595,4.151250496
R6,R6-AKL,Kalibo (Capital),89127,88471,20993,4.214309532
R6,R6-AKL,Lezo,15639,15638,3916,3.993360572
R6,R6-AKL,Libacao,28272,28249,7086,3.986593283
R6,R6-AKL,Madalag,18890,18867,4638,4.067917206
R6,R6-AKL,Makato,29717,29657,7394,4.010954828
R6,R6-AKL,Malay,60077,58737,15232,3.856158088
R6,R6-AKL,Malinao,24517,24517,6093,4.023797801
R6,R6-AKL,Nabas,40632,40597,9868,4.114004864
R6,R6-AKL,New Washington,47955,47899,11933,4.013994804
R6,R6-AKL,Numancia,35693,35640,8608,4.140334572
R6,R6-AKL,Tangalan,23704,23704,5808,4.081267218
R6,R6-ANT,Anini-Y,22018,21990,5466,4.023051592
R6,R6-ANT,Barbaza,23359,23359,6034,3.871229698
R6,R6-ANT,Belison,14129,14113,3412,4.136283705
R6,R6-ANT,Bugasong,34676,34660,8172,4.241311796
R6,R6-ANT,Caluya,38908,38781,9044,4.288036267
R6,R6-ANT,Culasi,44494,44445,11075,4.013092551
R6,R6-ANT,Tobias Fornier (Dao),33816,33806,8148,4.148993618
R6,R6-ANT,Hamtic,52685,52670,12419,4.241082213
R6,R6-ANT,Laua-an,26580,26580,6674,3.982619119
R6,R6-ANT,Libertad,17507,17507,4510,3.881818182
R6,R6-ANT,Pandan,35965,35871,8949,4.008380825
R6,R6-ANT,Patnongon,38329,38323,9785,3.916504854
R6,R6-ANT,San Jose (Capital),65140,64162,14750,4.349966102
R6,R6-ANT,San Remigio,34045,34036,7911,4.302363797
R6,R6-ANT,Sebaste,18816,18816,4561,4.125411094
R6,R6-ANT,Sibalom,63833,63687,15111,4.214611872
R6,R6-ANT,Tibiao,28703,28701,6925,4.144548736
R6,R6-ANT,Valderrama,19971,19971,4750,4.204421053
R6,R6-CAP,Cuartero,27993,27989,7093,3.946003102
R6,R6-CAP,Dao,33842,33834,8333,4.06024241
R6,R6-CAP,Dumalag,30098,30086,7388,4.072279372
R6,R6-CAP,Dumarao,49506,49470,12775,3.872407045
R6,R6-CAP,Ivisan,31278,31259,7794,4.010649217
R6,R6-CAP,Jamindan,38670,38664,9778,3.954182859
R6,R6-CAP,Ma-ayon,41226,41225,10687,3.857490409
R6,R6-CAP,Mambusao,40690,40616,10275,3.952895377
R6,R6-CAP,Panay,48890,48886,12432,3.932271557
R6,R6-CAP,Panitan,42565,42557,10868,3.915807876
R6,R6-CAP,Pilar,47100,47097,12254,3.843398074
R6,R6-CAP,Pontevedra,49725,49697,12901,3.852182001
R6,R6-CAP,President Roxas,31269,31268,7871,3.97255749
R6,R6-CAP,City of Roxas (Capital),179292,178458,43257,4.125528816
R6,R6-CAP,Sapi-an,26697,26692,6646,4.016250376
R6,R6-CAP,Sigma,31688,31682,8208,3.859892788
R6,R6-CAP,Tapaz,54423,54399,13473,4.037630817
R6,R6-GUI,Buenavista,52899,52854,13730,3.849526584
R6,R6-GUI,Jordan (Capital),39566,39403,9926,3.969675599
R6,R6-GUI,Nueva Valencia,42771,42721,10903,3.918279373
R6,R6-GUI,San Lorenzo,29444,29439,7130,4.128892006
R6,R6-GUI,Sibunag,23162,23159,5787,4.001900812
R6,R6-ILO,Ajuy,53462,53415,14013,3.811817598
R6,R6-ILO,Alimodian,39722,39708,9276,4.28072445
R6,R6-ILO,Anilao,30520,30503,7650,3.987320261
R6,R6-ILO,Badiangan,27056,27056,6607,4.095050704
R6,R6-ILO,Balasan,35064,35054,9351,3.74868998
R6,R6-ILO,Banate,33376,33363,8209,4.064197832
R6,R6-ILO,Barotac Nuevo,58176,58165,14251,4.081467967
R6,R6-ILO,Barotac Viejo,48614,48362,12491,3.871747658
R6,R6-ILO,Batad,22157,22156,5818,3.808181506
R6,R6-ILO,Bingawan,16164,16164,4144,3.900579151
R6,R6-ILO,Cabatuan,61110,61035,14784,4.128449675
R6,R6-ILO,Calinog,62853,62801,15413,4.07454746
R6,R6-ILO,Carles,72637,72626,17886,4.060494241
R6,R6-ILO,Concepcion,44633,44587,11191,3.984183719
R6,R6-ILO,Dingle,45965,45949,11698,3.927936399
R6,R6-ILO,Dueñas,34597,34573,8835,3.913186191
R6,R6-ILO,Dumangas,73899,73770,18289,4.033572093
R6,R6-ILO,Estancia,53200,53155,13282,4.002032826
R6,R6-ILO,Guimbal,35022,34912,8887,3.928434792
R6,R6-ILO,Igbaras,32197,32165,8021,4.010098491
R6,R6-ILO,Janiuay,66786,66688,16380,4.071306471
R6,R6-ILO,Lambunao,81236,81224,19212,4.227774308
R6,R6-ILO,Leganes,34725,34600,8145,4.248004911
R6,R6-ILO,Lemery,31414,31399,8718,3.601628814
R6,R6-ILO,Leon,51990,51933,12173,4.266244968
R6,R6-ILO,Maasin,38461,38437,8826,4.354973941
R6,R6-ILO,Miagao,68115,67853,16006,4.239222791
R6,R6-ILO,Mina,24042,24024,5774,4.160720471
R6,R6-ILO,New Lucena,24314,24296,5812,4.180316586
R6,R6-ILO,Oton,98509,98437,24583,4.004271244
R6,R6-ILO,City of Passi,88873,88666,21671,4.091458631
R6,R6-ILO,Pavia,70388,70170,17177,4.085113815
R6,R6-ILO,Pototan,78298,76940,18761,4.101060711
R6,R6-ILO,San Dionisio,39048,39032,10136,3.850828729
R6,R6-ILO,San Enrique,36911,36880,9622,3.832882977
R6,R6-ILO,San Joaquin,52617,52596,12752,4.124529486
R6,R6-ILO,San Miguel,30115,30111,7371,4.085063085
R6,R6-ILO,San Rafael,17795,17755,4340,4.091013825
R6,R6-ILO,Santa Barbara,67630,67541,16737,4.035430483
R6,R6-ILO,Sara,54637,54609,14218,3.840835561
R6,R6-ILO,Tigbauan,65245,65150,15412,4.227225539
R6,R6-ILO,Tubungan,23021,22995,5414,4.247321758
R6,R6-ILO,Zarraga,27305,27184,6851,3.9678879
R6,R6-ILO,City of Iloilo (Capital),457626,455287,104313,4.364623777
R6,R6-NOC,City of Bago,191210,190311,47427,4.012714277
R6,R6-NOC,Binalbagan,71407,71335,17305,4.122219012
R6,R6-NOC,City of Cadiz,158544,158346,39146,4.045010985
R6,R6-NOC,Calatrava,82540,82477,20709,3.982664542
R6,R6-NOC,Candoni,23751,23715,5629,4.213004086
R6,R6-NOC,Cauayan,108480,108413,24587,4.409362671
R6,R6-NOC,Enrique B. Magalona (Saravia),64290,64290,16151,3.980558479
R6,R6-NOC,City of Escalante,96159,96114,24652,3.898831738
R6,R6-NOC,City of Himamaylan,116240,116029,28225,4.110859167
R6,R6-NOC,Hinigaran,88909,88899,22592,3.934976983
R6,R6-NOC,Hinoba-an (Asia),60865,60865,14099,4.316972835
R6,R6-NOC,Ilog,59855,59849,14097,4.24551323
R6,R6-NOC,Isabela,64516,64264,15685,4.097162894
R6,R6-NOC,City of Kabankalan,200198,199906,45285,4.414397703
R6,R6-NOC,City of La Carlota,66664,66637,16508,4.036648898
R6,R6-NOC,La Castellana,79492,79412,19749,4.021064358
R6,R6-NOC,Manapla,55083,55049,13297,4.139956381
R6,R6-NOC,Moises Padilla (Magallon),43462,43370,9657,4.491042767
R6,R6-NOC,Murcia,88868,88690,21101,4.203118336
R6,R6-NOC,Pontevedra,54502,54494,13467,4.046483998
R6,R6-NOC,Pulupandan,30117,30117,7701,3.910790806
R6,R6-NOC,City of Sagay,148894,148521,36088,4.115523166
R6,R6-NOC,City of San Carlos,132650,132107,33623,3.929066413
R6,R6-NOC,San Enrique,24177,24177,6118,3.951781628
R6,R6-NOC,City of Silay,130478,130075,32693,3.978680451
R6,R6-NOC,City of Sipalay,72448,72375,16858,4.293213904
R6,R6-NOC,City of Talisay,108909,108650,25771,4.215979201
R6,R6-NOC,Toboso,43445,43423,10968,3.959062728
R6,R6-NOC,Valladolid,39996,39996,10121,3.951783421
R6,R6-NOC,City of Victorias,90101,89854,22268,4.035117658
R6,R6-NOC,Salvador Benedicto,26922,26912,6390,4.211580595
R6,R6-NOC,City of Bacolod (Capital),600783,597615,142936,4.18099709
R7,R7-BOH,Alburquerque,11246,11246,2589,4.34376207
R7,R7-BOH,Alicia,24374,24334,5839,4.167494434
R7,R7-BOH,Anda,17778,17777,4418,4.02376641
R7,R7-BOH,Antequera,14990,14971,3796,3.943888303
R7,R7-BOH,Baclayon,22461,22368,5096,4.389324961
R7,R7-BOH,Balilihan,18694,18686,4485,4.166332219
R7,R7-BOH,Batuan,13845,13842,3197,4.329684079
R7,R7-BOH,Bilar,18512,18413,4172,4.413470757
R7,R7-BOH,Buenavista,29711,29647,6803,4.357930325
R7,R7-BOH,Calape,33079,33052,7938,4.163769211
R7,R7-BOH,Candijay,30119,30091,7214,4.171194899
R7,R7-BOH,Carmen,49191,49090,11244,4.365884027
R7,R7-BOH,Catigbian,23805,23779,5723,4.154988642
R7,R7-BOH,Clarin,21158,21128,5114,4.131403989
R7,R7-BOH,Corella,9479,9468,2192,4.319343066
R7,R7-BOH,Cortes,18344,18014,4165,4.325090036
R7,R7-BOH,Dagohoy,19874,19872,4547,4.37035408
R7,R7-BOH,Danao,20245,20237,4446,4.551731894
R7,R7-BOH,Dauis,52492,52331,11522,4.541833015
R7,R7-BOH,Dimiao,14889,14886,3457,4.306045704
R7,R7-BOH,Duero,18861,18804,4517,4.162940004
R7,R7-BOH,Garcia Hernandez,24430,24428,5448,4.483847283
R7,R7-BOH,Guindulman,34104,34072,8056,4.22939424
R7,R7-BOH,Inabanga,48534,48509,11015,4.403903768
R7,R7-BOH,Jagna,35832,35830,8381,4.275146164
R7,R7-BOH,Getafe,33422,33408,7535,4.433709356
R7,R7-BOH,Lila,12240,12231,2295,5.329411765
R7,R7-BOH,Loay,17855,17855,3962,4.506562342
R7,R7-BOH,Loboc,17418,17397,3958,4.395401718
R7,R7-BOH,Loon,44224,44179,10696,4.130422588
R7,R7-BOH,Mabini,28701,28698,6917,4.148908486
R7,R7-BOH,Maribojoc,22178,22170,5564,3.984543494
R7,R7-BOH,Panglao,39839,39584,8694,4.553025075
R7,R7-BOH,Pilar,28693,28691,6608,4.341858354
R7,R7-BOH,Pres. Carlos P. Garcia (Pitogo),23625,23604,5727,4.121529597
R7,R7-BOH,Sagbayan (Borja),24335,24335,5897,4.12667458
R7,R7-BOH,San Isidro,9909,9909,2380,4.163445378
R7,R7-BOH,San Miguel,25356,25347,5937,4.269327943
R7,R7-BOH,Sevilla,11376,11373,2523,4.507728894
R7,R7-BOH,Sierra Bullones,26095,26093,5892,4.428547183
R7,R7-BOH,Sikatuna,6906,6906,1712,4.033878505
R7,R7-BOH,City of Tagbilaran (Capital),104976,103302,23078,4.47621111
R7,R7-BOH,Talibon,71272,71102,16515,4.305298214
R7,R7-BOH,Trinidad,35119,35100,7898,4.444163079
R7,R7-BOH,Tubigon,47886,47714,11389,4.189481078
R7,R7-BOH,Ubay,81799,81642,19299,4.230374631
R7,R7-BOH,Valencia,28392,28349,6072,4.668807642
R7,R7-BOH,Bien Unido,26666,26660,6100,4.370491803
R7,R7-CEB,Alcantara,16910,16870,4384,3.848083942
R7,R7-CEB,Alcoy,19186,19159,4257,4.500587268
R7,R7-CEB,Alegria,25620,25587,6245,4.097197758
R7,R7-CEB,Aloguinsan,34466,34466,7763,4.439778436
R7,R7-CEB,Argao,78187,77888,19017,4.095703844
R7,R7-CEB,Asturias,55397,55311,12885,4.292665891
R7,R7-CEB,Badian,43735,43657,10479,4.166141807
R7,R7-CEB,Balamban,95136,94940,22748,4.173553719
R7,R7-CEB,Bantayan,86247,86161,19493,4.420099523
R7,R7-CEB,Barili,80715,80599,18638,4.324444683
R7,R7-CEB,City of Bogo,88867,88640,23260,3.81083405
R7,R7-CEB,Boljoon,17525,17515,4106,4.265708719
R7,R7-CEB,Borbon,38187,38181,9664,3.95084851
R7,R7-CEB,City of Carcar,136453,136060,32075,4.24193297
R7,R7-CEB,Carmen,57897,57752,13562,4.258368972
R7,R7-CEB,Catmon,33745,33691,8110,4.154254007
R7,R7-CEB,Compostela,55874,55702,13612,4.092124596
R7,R7-CEB,Consolacion,148012,147410,36620,4.025395958
R7,R7-CEB,Cordova,70595,70413,16299,4.320080987
R7,R7-CEB,Daanbantayan,93502,93425,22289,4.191529454
R7,R7-CEB,Dalaguete,74596,74546,17201,4.333817801
R7,R7-CEB,Danao City,156321,154258,38361,4.021219468
R7,R7-CEB,Dumanjug,57823,57657,12968,4.446098088
R7,R7-CEB,Ginatilan,16906,16873,3974,4.245848012
R7,R7-CEB,Liloan,153197,152738,37390,4.084995988
R7,R7-CEB,Madridejos,42039,42021,10046,4.182858849
R7,R7-CEB,Malabuyoc,19770,19766,4463,4.428859512
R7,R7-CEB,Medellin,59605,58982,14149,4.168633826
R7,R7-CEB,Minglanilla,151002,147216,37023,3.976339032
R7,R7-CEB,Moalboal,36930,36837,8582,4.292356094
R7,R7-CEB,City of Naga,133184,132836,32011,4.149698541
R7,R7-CEB,Oslob,29264,29191,6995,4.17312366
R7,R7-CEB,Pilar,12506,12466,3360,3.710119048
R7,R7-CEB,Pinamungahan,75131,75055,16908,4.439022948
R7,R7-CEB,Poro,26232,26201,6900,3.797246377
R7,R7-CEB,Ronda,21005,20987,5450,3.850825688
R7,R7-CEB,Samboan,20373,20369,4862,4.189428219
R7,R7-CEB,San Fernando,72224,72179,16555,4.359951676
R7,R7-CEB,San Francisco,59236,59214,13957,4.242602278
R7,R7-CEB,San Remigio,65744,65717,16707,3.933500928
R7,R7-CEB,Santa Fe,34471,34469,8241,4.182623468
R7,R7-CEB,Santander,18527,18465,4591,4.021999564
R7,R7-CEB,Sibonga,53424,53368,12457,4.284177571
R7,R7-CEB,Sogod,39447,39430,9878,3.991698724
R7,R7-CEB,Tabogon,41432,41411,10927,3.789786767
R7,R7-CEB,Tabuelan,28907,28907,7545,3.831278993
R7,R7-CEB,City of Talisay,263048,258789,63066,4.103463039
R7,R7-CEB,City of Toledo,207314,207091,48813,4.242537849
R7,R7-CEB,Tuburan,68167,68086,17312,3.932878928
R7,R7-CEB,Tudela,11304,11298,3288,3.436131387
R7,R7-CEB,City of Cebu (Capital),964169,958626,238317,4.02248266
R7,R7-CEB,City of Lapu-Lapu (Opon),497604,494672,129652,3.815382717
R7,R7-CEB,City of Mandaue,364116,361051,103345,3.493647491
R7,R7-NOR,Amlan (Ayuquitan),25513,25508,6158,4.142253979
R7,R7-NOR,Ayungon,47102,46548,11443,4.067814384
R7,R7-NOR,Bacong,41207,41169,10105,4.074121722
R7,R7-NOR,City of Bais,84317,84173,20047,4.19878286
R7,R7-NOR,Basay,28531,28515,6984,4.08290378
R7,R7-NOR,City of Bayawan (Tulong),122747,122278,29403,4.15869129
R7,R7-NOR,Bindoy (Payabon),40308,40288,9813,4.105574238
R7,R7-NOR,City of Canlaon,58822,58554,14210,4.120619282
R7,R7-NOR,Dauin,30018,29953,7221,4.148040438
R7,R7-NOR,City of Dumaguete (Capital),134103,132706,32276,4.11159995
R7,R7-NOR,City of Guihulngan,102656,102169,24792,4.121047112
R7,R7-NOR,Jimalalud,32256,32237,8005,4.027108057
R7,R7-NOR,La Libertad,41089,41075,10285,3.993680117
R7,R7-NOR,Mabinay,82953,82909,20331,4.077959766
R7,R7-NOR,Manjuyod,44799,44669,11279,3.960368827
R7,R7-NOR,Pamplona,39805,39802,10125,3.931061728
R7,R7-NOR,San Jose,21956,21954,5389,4.073854147
R7,R7-NOR,Santa Catalina,77501,77434,18356,4.21845718
R7,R7-NOR,Siaton,83082,83046,19672,4.221533144
R7,R7-NOR,Sibulan,64343,64243,15785,4.069876465
R7,R7-NOR,City of Tanjay,82642,82331,20077,4.100762066
R7,R7-NOR,Tayasan,38159,38155,9605,3.972410203
R7,R7-NOR,Valencia (Luzurriaga),38733,38597,9255,4.170394381
R7,R7-NOR,Vallehermoso,40779,40677,9813,4.14521553
R7,R7-NOR,Zamboanguita,29569,29558,7532,3.924322889
R7,R7-SIQ,Enrique Villanueva,6790,6782,1653,4.102843315
R7,R7-SIQ,Larena,14454,14364,3365,4.268647845
R7,R7-SIQ,Lazi,22488,22480,5654,3.975946233
R7,R7-SIQ,Maria,14385,14341,3545,4.045416079
R7,R7-SIQ,San Juan,16363,16338,4230,3.862411348
R7,R7-SIQ,Siquijor (Capital),28915,28709,7358,3.901739603
R8,R8-BIL,Almeria,17954,17912,4519,3.963708785
R8,R8-BIL,Biliran,17662,17649,4358,4.049793483
R8,R8-BIL,Cabucgayan,21542,21535,5234,4.11444402
R8,R8-BIL,Caibiran,24167,24140,5438,4.439132034
R8,R8-BIL,Culaba,12972,12959,3109,4.168221293
R8,R8-BIL,Kawayan,20455,20445,5027,4.067037995
R8,R8-BIL,Maripipi,6373,6368,1641,3.880560634
R8,R8-BIL,Naval (Capital),58187,57707,13727,4.203904713
R8,R8-EAS,Arteche,16360,16355,3908,4.185005118
R8,R8-EAS,Balangiga,14341,14298,3584,3.989397321
R8,R8-EAS,Balangkayan,10185,10158,2464,4.122564935
R8,R8-EAS,City of Borongan (Capital),71961,71562,17493,4.0908935
R8,R8-EAS,Can-Avid,21682,21667,5102,4.246765974
R8,R8-EAS,Dolores,44626,44498,10542,4.221020679
R8,R8-EAS,General Macarthur,14411,14362,3325,4.319398496
R8,R8-EAS,Giporlos,13117,13083,3167,4.131038838
R8,R8-EAS,Guiuan,53361,53210,13293,4.002858647
R8,R8-EAS,Hernani,8531,8494,2264,3.751766784
R8,R8-EAS,Jipapad,8439,8408,1941,4.331787738
R8,R8-EAS,Lawaan,13003,12999,3213,4.045751634
R8,R8-EAS,Llorente,21459,21450,5333,4.022126383
R8,R8-EAS,Maslog,5463,5460,1148,4.756097561
R8,R8-EAS,Maydolong,15314,15304,3562,4.296462661
R8,R8-EAS,Mercedes,6112,6091,1620,3.759876543
R8,R8-EAS,Oras,37451,37195,8871,4.192875662
R8,R8-EAS,Quinapondan,14507,14503,3605,4.023023578
R8,R8-EAS,Salcedo,22136,22128,5227,4.233403482
R8,R8-EAS,San Julian,14800,14790,3736,3.958779443
R8,R8-EAS,San Policarpo,15365,15362,3602,4.26485286
R8,R8-EAS,Sulat,15758,15734,4013,3.920757538
R8,R8-EAS,Taft,18786,18736,4764,3.932829555
R8,R8-LEY,Abuyog,61216,59015,14896,3.961801826
R8,R8-LEY,Alangalang,57185,57178,14479,3.949029629
R8,R8-LEY,Albuera,47151,47151,11992,3.931871247
R8,R8-LEY,Babatngon,28823,28794,6936,4.151384083
R8,R8-LEY,Barugo,34497,34491,7957,4.334673872
R8,R8-LEY,Bato,38505,38476,9115,4.221173889
R8,R8-LEY,City of Baybay,111848,111448,28135,3.961187133
R8,R8-LEY,Burauen,52511,52359,13815,3.790010858
R8,R8-LEY,Calubian,31646,31610,8670,3.645905421
R8,R8-LEY,Capoocan,33721,33677,7968,4.226531124
R8,R8-LEY,Carigara,54656,54539,12830,4.250896337
R8,R8-LEY,Dagami,36178,36165,9295,3.890801506
R8,R8-LEY,Dulag,48992,48933,13075,3.74248566
R8,R8-LEY,Hilongos,64514,64331,15918,4.041399673
R8,R8-LEY,Hindang,20849,20795,5290,3.93100189
R8,R8-LEY,Inopacan,21389,21375,5613,3.808123998
R8,R8-LEY,Isabel,46781,46661,11758,3.968447015
R8,R8-LEY,Jaro,43758,43728,10706,4.084438633
R8,R8-LEY,Javier (Bugho),26658,26638,6980,3.816332378
R8,R8-LEY,Julita,15598,15597,4372,3.56747484
R8,R8-LEY,Kananga,59696,59570,14121,4.218539763
R8,R8-LEY,La Paz,19174,19174,5094,3.764036121
R8,R8-LEY,Leyte,40397,40397,9452,4.273910284
R8,R8-LEY,Macarthur,21578,21526,5574,3.861858629
R8,R8-LEY,Mahaplag,27865,27658,6713,4.120065544
R8,R8-LEY,Matag-ob,17522,17522,4671,3.751231
R8,R8-LEY,Matalom,32586,32569,8154,3.994235958
R8,R8-LEY,Mayorga,18071,18071,4779,3.781335007
R8,R8-LEY,Merida,31574,31541,8523,3.700692245
R8,R8-LEY,Ormoc City,230998,230191,56048,4.107033257
R8,R8-LEY,Palo,76213,75438,17950,4.202674095
R8,R8-LEY,Palompon,58313,58208,14969,3.888569711
R8,R8-LEY,Pastrana,19359,19358,4967,3.897322327
R8,R8-LEY,San Isidro,30722,30657,8272,3.706117021
R8,R8-LEY,San Miguel,19753,19753,4677,4.223433825
R8,R8-LEY,Santa Fe,22102,22064,5329,4.140364046
R8,R8-LEY,Tabango,33868,33844,8345,4.055602157
R8,R8-LEY,Tabontabon,11902,11902,3102,3.836879433
R8,R8-LEY,Tanauan,57455,57403,14892,3.85461993
R8,R8-LEY,Tolosa,20708,20693,5252,3.940022848
R8,R8-LEY,Tunga,7656,7655,1764,4.339569161
R8,R8-LEY,Villaba,42859,42856,11022,3.888223553
R8,R8-LEY,City of Tacloban (Capital),251881,249415,57251,4.35651779
R8,R8-NSM,Allen,25228,25066,6045,4.146567411
R8,R8-NSM,Biri,11274,11269,2485,4.534808853
R8,R8-NSM,Bobon,25964,25785,5884,4.382222978
R8,R8-NSM,Capul,12323,12297,2712,4.534292035
R8,R8-NSM,Catarman (Capital),97879,97292,20836,4.669418314
R8,R8-NSM,Catubig,32174,32133,6901,4.656281698
R8,R8-NSM,Gamay,23367,23299,5696,4.090414326
R8,R8-NSM,Laoang,60607,60423,13339,4.529799835
R8,R8-NSM,Lapinig,11844,11840,2659,4.452801805
R8,R8-NSM,Las Navas,36621,36458,7786,4.682507064
R8,R8-NSM,Lavezares,29390,29312,6784,4.320754717
R8,R8-NSM,Mapanas,14234,14218,3203,4.438963472
R8,R8-NSM,Mondragon,41415,41258,8582,4.807504078
R8,R8-NSM,Palapag,34034,33970,7855,4.324633991
R8,R8-NSM,Pambujan,35532,35473,7326,4.842069342
R8,R8-NSM,Rosario,10949,10949,2438,4.49097621
R8,R8-NSM,San Antonio,8882,8867,2057,4.310646573
R8,R8-NSM,San Isidro,27867,27784,6158,4.511854498
R8,R8-NSM,San Jose,17641,17589,4218,4.169985775
R8,R8-NSM,San Roque,29882,29855,5619,5.313222993
R8,R8-NSM,San Vicente,6928,6916,1736,3.983870968
R8,R8-NSM,Silvino Lobos,15100,15042,2931,5.132036847
R8,R8-NSM,Victoria,15361,15290,3525,4.337588652
R8,R8-NSM,Lope de Vega,14690,14610,3110,4.697749196
R8,R8-SMR,Almagro,9273,9245,2243,4.121711993
R8,R8-SMR,Basey,56685,56555,13694,4.12991091
R8,R8-SMR,Calbayog City,186960,186437,43030,4.332721357
R8,R8-SMR,Calbiga,23310,23039,5589,4.12220433
R8,R8-SMR,City of Catbalogan (Capital),106440,105642,23107,4.571861341
R8,R8-SMR,Daram,41608,41597,9252,4.496000865
R8,R8-SMR,Gandara,35242,35201,7834,4.493362267
R8,R8-SMR,Hinabangan,13693,13684,3075,4.450081301
R8,R8-SMR,Jiabong,19205,19188,4567,4.20144515
R8,R8-SMR,Marabut,17842,17821,4425,4.027344633
R8,R8-SMR,Matuguinao,7364,7364,1545,4.766343042
R8,R8-SMR,Motiong,15276,15218,3591,4.237816764
R8,R8-SMR,Pinabacdao,18136,18109,4158,4.355218855
R8,R8-SMR,San Jose de Buan,7767,7721,1675,4.609552239
R8,R8-SMR,San Sebastian,8704,8704,1968,4.422764228
R8,R8-SMR,Santa Margarita,26816,26810,6348,4.223377442
R8,R8-SMR,Santa Rita,42384,42355,9778,4.331662917
R8,R8-SMR,Santo Niño,12519,12517,3029,4.132386926
R8,R8-SMR,Talalora,7856,7855,1861,4.220849006
R8,R8-SMR,Tarangnan,25713,25711,5936,4.331367925
R8,R8-SMR,Villareal,27394,27367,6242,4.384331945
R8,R8-SMR,Paranas (Wright),32374,32317,7324,4.412479519
R8,R8-SMR,Zumarraga,16279,16269,3606,4.511647255
R8,R8-SMR,Tagapul-an,8805,8801,1973,4.460719716
R8,R8-SMR,San Jorge,17579,17559,3990,4.40075188
R8,R8-SMR,Pagsanghan,7959,7959,1954,4.073183214
R8,R8-SLY,Anahawan,8429,8422,1988,4.236418511
R8,R8-SLY,Bontoc,29799,29782,7283,4.089248936
R8,R8-SLY,Hinunangan,29149,29087,7402,3.929613618
R8,R8-SLY,Hinundayan,12398,12394,3402,3.643151088
R8,R8-SLY,Libagon,15244,15230,3560,4.278089888
R8,R8-SLY,Liloan,24800,24771,5353,4.627498599
R8,R8-SLY,City of Maasin (Capital),87446,87112,20206,4.311194695
R8,R8-SLY,Macrohon,26580,26491,6654,3.981214307
R8,R8-SLY,Malitbog,23256,23250,4728,4.91751269
R8,R8-SLY,Padre Burgos,11159,11066,2561,4.320968372
R8,R8-SLY,Pintuyan,10202,10189,2488,4.095257235
R8,R8-SLY,Saint Bernard,28414,28361,6254,4.534857691
R8,R8-SLY,San Francisco,13436,13426,3300,4.068484848
R8,R8-SLY,San Juan (Cabalian),14912,14783,3548,4.166572717
R8,R8-SLY,San Ricardo,10500,10500,2304,4.557291667
R8,R8-SLY,Silago,13116,13078,3345,3.909715994
R8,R8-SLY,Sogod,47552,47374,10959,4.322839675
R8,R8-SLY,Tomas Oppus,16990,16979,4050,4.192345679
R8,R8-SLY,Limasawa,6191,6189,1491,4.150905433
R9,R9-ZDN,City of Dapitan,85202,85125,19828,4.294687453
R9,R9-ZDN,City of Dipolog (Capital),138141,137663,33154,4.155864151
R9,R9-ZDN,Katipunan,44661,44630,10750,4.205220013
R9,R9-ZDN,La Libertad,8119,8108,2314,3.549912434
R9,R9-ZDN,Labason,43934,43920,9417,4.663905702
R9,R9-ZDN,Liloy,42213,42096,9654,4.386827845
R9,R9-ZDN,Manukan,36887,36648,8560,4.284812347
R9,R9-ZDN,Mutia,11726,11715,3004,3.944444444
R9,R9-ZDN,Piñan (New Piñan),20221,20206,4965,4.069687815
R9,R9-ZDN,Polanco,42265,42225,10776,3.918429844
R9,R9-ZDN,Pres. Manuel A. Roxas,39198,39198,9798,4.022783251
R9,R9-ZDN,Rizal,15052,15034,3823,3.932513733
R9,R9-ZDN,Salug,32134,32134,7558,4.252216488
R9,R9-ZDN,Sergio Osmeña Sr.,31942,31914,6948,4.598559078
R9,R9-ZDN,Siayan,36236,36234,7607,4.76324438
R9,R9-ZDN,Sibuco,36049,36013,8074,4.470332671
R9,R9-ZDN,Sibutad,17453,17453,4762,3.667367094
R9,R9-ZDN,Sindangan,103952,103825,24895,4.169008995
R9,R9-ZDN,Siocon,48524,48392,11885,4.071687
R9,R9-ZDN,Sirawai,31163,31163,6511,4.796521471
R9,R9-ZDN,Tampilisan,24680,24634,6460,3.838267373
R9,R9-ZDN,Jose Dalman (Ponot),28881,28879,6187,4.667690318
R9,R9-ZDN,Gutalac,36090,36081,9109,3.976305929
R9,R9-ZDN,Baliguian,23771,23771,5644,4.21172927
R9,R9-ZDN,Godod,17510,17510,4217,4.197027804
R9,R9-ZDN,Bacungan (Leon T. Postigo),27639,27634,6308,4.380786303
R9,R9-ZDN,Kalawit,23812,23812,5763,4.253662022
R9,R9-ZDS,Aurora,52995,52986,12790,4.16720409
R9,R9-ZDS,Bayog,34519,34519,7633,4.540778742
R9,R9-ZDS,Dimataling,31340,31322,7252,4.334025183
R9,R9-ZDS,Dinas,36291,36291,8595,4.247045056
R9,R9-ZDS,Dumalinao,32928,32923,7767,4.238830951
R9,R9-ZDS,Dumingag,48881,48803,11334,4.32114397
R9,R9-ZDS,Kumalarang,29479,29479,6739,4.391330255
R9,R9-ZDS,Labangan,44262,44086,10307,4.315810083
R9,R9-ZDS,Lapuyan,27737,27675,6418,4.358267717
R9,R9-ZDS,Mahayag,48258,48218,11185,4.334202247
R9,R9-ZDS,Margosatubig,38660,38582,8611,4.480548136
R9,R9-ZDS,Midsalip,33711,33697,7531,4.499532648
R9,R9-ZDS,Molave,53140,52897,11937,4.443632392
R9,R9-ZDS,City of Pagadian (Capital),210452,209309,45633,4.628067926
R9,R9-ZDS,Ramon Magsaysay (Liargo),27280,27214,6588,4.130843959
R9,R9-ZDS,San Miguel,19838,19830,4469,4.437234281
R9,R9-ZDS,San Pablo,26648,26648,6278,4.249402009
R9,R9-ZDS,Tabina,25734,25734,5736,4.486401674
R9,R9-ZDS,Tambulig,37480,37444,8656,4.325785582
R9,R9-ZDS,Tukuran,42429,42363,9941,4.282551557
R9,R9-ZDS,Lakewood,21559,21532,4735,4.558001693
R9,R9-ZDS,Josefina,12205,12173,2986,4.076691226
R9,R9-ZDS,Pitogo,27516,27510,6260,4.39456869
R9,R9-ZDS,Sominot (Don Mariano Marcos),19061,19061,4237,4.507212107
R9,R9-ZDS,Vincenzo A. Sagun,24852,24852,5791,4.29148679
R9,R9-ZDS,Guipos,21738,21610,5080,4.276667326
R9,R9-ZDS,Tigbao,21675,21644,4769,4.538477668
R9,R9-ZDS,City of Zamboanga,977234,969391,227352,4.273457062
R9,R9-ZSB,Alicia,39456,39443,9173,4.306474506
R9,R9-ZSB,Buug,38425,38385,9019,4.256015079
R9,R9-ZSB,Diplahan,32585,32452,7370,4.403256445
R9,R9-ZSB,Imelda,26020,25980,6074,4.277247284
R9,R9-ZSB,Ipil (Capital),89401,88952,21548,4.128086133
R9,R9-ZSB,Kabasalan,46884,46799,10268,4.566647151
R9,R9-ZSB,Mabuhay,37390,37327,7497,5.011680988
R9,R9-ZSB,Malangas,32022,31947,7971,4.007903651
R9,R9-ZSB,Naga,41743,41708,9235,4.516296697
R9,R9-ZSB,Olutanga,38438,38398,8125,4.79196306
R9,R9-ZSB,Payao,34952,34927,8380,4.171384211
R9,R9-ZSB,Roseller Lim,43575,43555,11162,3.902078481
R9,R9-ZSB,Siay,40585,40515,10096,4.008607896
R9,R9-ZSB,Talusan,27873,27873,5495,5.108687683
R9,R9-ZSB,Titay,53994,53976,12733,4.244063532
R9,R9-ZSB,Tungawan,46497,46411,10523,4.410434287
R9,R9-ISA,City of Isabela (Capital),130379,130130,26649,4.88311006
R10,R10-BUK,Baungon,37111,37109,8927,4.156939621
R10,R10-BUK,Damulog,39322,39301,9284,4.233196898
R10,R10-BUK,Dangcagan,26076,26068,6015,4.333832086
R10,R10-BUK,Don Carlos,69273,69272,16097,4.303410573
R10,R10-BUK,Impasug-ong,53863,53272,11843,4.498184582
R10,R10-BUK,Kadingilan,33735,33726,7991,4.22049806
R10,R10-BUK,Kalilangan,43711,43703,10055,4.346394828
R10,R10-BUK,Kibawe,41897,41893,9835,4.259583122
R10,R10-BUK,Kitaotao,53796,53793,12835,4.191118037
R10,R10-BUK,Lantapan,65974,65611,14653,4.477649628
R10,R10-BUK,Libona,48965,48743,11311,4.309344886
R10,R10-BUK,City of Malaybalay (Capital),190712,189048,43839,4.312324642
R10,R10-BUK,Malitbog,26741,26722,6020,4.438870432
R10,R10-BUK,Manolo Fortich,113200,113043,26196,4.315277142
R10,R10-BUK,Maramag,108293,108146,25571,4.229244066
R10,R10-BUK,Pangantucan,56580,56553,13188,4.288216561
R10,R10-BUK,Quezon,109624,109540,25067,4.369888698
R10,R10-BUK,San Fernando,63045,62971,14600,4.313082192
R10,R10-BUK,Sumilao,29531,29455,6849,4.300627829
R10,R10-BUK,Talakag,77027,77027,16532,4.659266876
R10,R10-BUK,City of Valencia,216546,216398,52184,4.146826614
R10,R10-BUK,Cabanglasan,36286,36235,8220,4.408150852
R10,R10-CMG,Catarman,17569,17561,4493,3.908524371
R10,R10-CMG,Guinsiliban,6685,6671,1707,3.908025776
R10,R10-CMG,Mahinog,14634,14627,3502,4.176756139
R10,R10-CMG,Mambajao (Capital),41094,41018,9351,4.386482729
R10,R10-CMG,Sagay,12826,12819,3228,3.971189591
R10,R10-LDN,Bacolod,24367,24303,6110,3.977577741
R10,R10-LDN,Baloi,68465,68138,12414,5.488802964
R10,R10-LDN,Baroy,24683,24455,6585,3.713743356
R10,R10-LDN,Kapatagan,62571,62568,15858,3.945516459
R10,R10-LDN,Sultan Naga Dimaporo (Karomatan),60904,60850,13216,4.604267554
R10,R10-LDN,Kauswagan,24193,24154,5665,4.263724625
R10,R10-LDN,Kolambugan,28265,28232,7414,3.807930941
R10,R10-LDN,Lala,73425,73407,17873,4.107144855
R10,R10-LDN,Linamon,21269,21249,5268,4.033599089
R10,R10-LDN,Magsaysay,20463,20453,4665,4.384351554
R10,R10-LDN,Maigo,23337,23286,5482,4.24771981
R10,R10-LDN,Matungao,14756,14754,2645,5.578071834
R10,R10-LDN,Munai,35020,35001,7168,4.882952009
R10,R10-LDN,Nunungan,18827,18827,4070,4.625798526
R10,R10-LDN,Pantao Ragat,30247,30154,4521,6.669763327
R10,R10-LDN,Poona Piagapo,29183,29183,5082,5.742424242
R10,R10-LDN,Salvador,32115,32115,8245,3.895087932
R10,R10-LDN,Sapad,22974,22974,5539,4.147680087
R10,R10-LDN,Tagoloan,15091,15091,3409,4.426811382
R10,R10-LDN,Tangcal,16075,16075,2884,5.573855756
R10,R10-LDN,Tubod (Capital),50073,49989,12637,3.955764818
R10,R10-LDN,Pantar,26599,26458,4708,5.619796092
R10,R10-LDN,City of Iligan,363115,362182,87239,4.151606506
R10,R10-MOC,Aloran,27934,27924,6958,4.01322219
R10,R10-MOC,Baliangao,18433,18409,4861,3.787080848
R10,R10-MOC,Bonifacio,34558,34515,8486,4.067287297
R10,R10-MOC,Calamba,23227,23206,5729,4.050619654
R10,R10-MOC,Clarin,39356,39269,9413,4.171783703
R10,R10-MOC,Concepcion,9324,9309,2271,4.099075297
R10,R10-MOC,Jimenez,28909,28783,7042,4.087333144
R10,R10-MOC,Lopez Jaena,25507,25507,6282,4.060331105
R10,R10-MOC,City of Oroquieta (Capital),72301,71695,17326,4.138000693
R10,R10-MOC,City of Ozamiz,140334,139617,32933,4.2394255
R10,R10-MOC,Panaon,10797,10753,2681,4.010816859
R10,R10-MOC,Plaridel,39840,39831,10174,3.914979359
R10,R10-MOC,Sapang Dalaga,20490,20467,5156,3.969550039
R10,R10-MOC,Sinacaban,19671,19645,4912,3.999389251
R10,R10-MOC,City of Tangub,68389,67824,15456,4.388198758
R10,R10-MOC,Tudela,28599,28589,7123,4.013617858
R10,R10-MOC,Don Victoriano Chiongbian,9664,9608,2385,4.02851153
R10,R10-MOR,Alubijid,32163,32015,8713,3.674394583
R10,R10-MOR,Balingasag,74385,74343,17345,4.286134333
R10,R10-MOR,Balingoan,11020,10964,2585,4.24139265
R10,R10-MOR,Binuangan,7441,7441,1789,4.159306875
R10,R10-MOR,Claveria,52478,52322,12595,4.15418817
R10,R10-MOR,City of El Salvador,58771,58694,15121,3.881621586
R10,R10-MOR,City of Gingoog,136698,136296,31148,4.375754463
R10,R10-MOR,Gitagum,17920,17887,4556,3.926031607
R10,R10-MOR,Initao,33902,33804,8756,3.860666971
R10,R10-MOR,Jasaan,57055,56933,13740,4.143595342
R10,R10-MOR,Kinoguitan,14091,14077,3437,4.095723014
R10,R10-MOR,Lagonglong,24190,24173,5491,4.402294664
R10,R10-MOR,Laguindingan,26363,26338,6397,4.117242457
R10,R10-MOR,Libertad,12948,12941,3030,4.270957096
R10,R10-MOR,Lugait,20559,20523,5062,4.054326353
R10,R10-MOR,Magsaysay (Linugos),36803,36741,8046,4.566368382
R10,R10-MOR,Manticao,29469,29456,7518,3.918063315
R10,R10-MOR,Medina,35612,35526,8521,4.169228964
R10,R10-MOR,Naawan,22444,22338,5636,3.963449255
R10,R10-MOR,Opol,66327,66254,16210,4.087230105
R10,R10-MOR,Salay,29998,29988,7103,4.22187808
R10,R10-MOR,Sugbongcogon,9764,9730,2221,4.3809095
R10,R10-MOR,Tagoloan,80319,80051,19799,4.043183999
R10,R10-MOR,Talisayan,25761,25728,5974,4.306662203
R10,R10-MOR,Villanueva,40419,40390,9440,4.278601695
R10,R10-MOR,City of Cagayan de Oro (Capital),728402,723671,190225,3.804289657
R11,R11-DDO,Compostela,89884,89848,21606,4.158474498
R11,R11-DDO,Laak (San Vicente),79744,79637,19888,4.004273934
R11,R11-DDO,Mabini (Doña Alicia),43552,43485,10434,4.167625072
R11,R11-DDO,Maco,83237,83003,20839,3.983060608
R11,R11-DDO,Maragusan (San Mariano),64412,64300,16002,4.018247719
R11,R11-DDO,Mawab,39631,39489,9546,4.136706474
R11,R11-DDO,Monkayo,93937,93850,23521,3.990051443
R11,R11-DDO,Montevista,46558,46312,11807,3.922418904
R11,R11-DDO,Nabunturan (Capital),84340,84233,20831,4.043636887
R11,R11-DDO,New Bataan,51466,51395,12781,4.021203349
R11,R11-DDO,Pantukan,90786,90747,21663,4.18903199
R11,R11-DDN,Asuncion (Saug),61893,61867,15416,4.013168137
R11,R11-DDN,Carmen,82018,82016,19872,4.127214171
R11,R11-DDN,Kapalong,81068,81023,19041,4.255186177
R11,R11-DDN,New Corella,57913,57733,13958,4.136194297
R11,R11-DDN,City of Panabo,209230,208464,51097,4.07976985
R11,R11-DDN,Island Garden City of Samal,116771,116638,29973,3.891435625
R11,R11-DDN,Santo Tomas,128667,127890,30750,4.15902439
R11,R11-DDN,City of Tagum (Capital),296202,294795,71377,4.130111941
R11,R11-DDN,Talaingod,28333,28327,6422,4.410931174
R11,R11-DDN,Braulio E. Dujali,35729,29218,7178,4.070493174
R11,R11-DDN,San Isidro,27233,27196,6571,4.13879166
R11,R11-DDS,Bansalan,62737,62720,17641,3.555354005
R11,R11-DDS,City of Digos (Capital),188376,187444,47948,3.909318428
R11,R11-DDS,Hagonoy,56919,56919,14634,3.889503895
R11,R11-DDS,Kiblawan,49381,49372,14557,3.391632891
R11,R11-DDS,Magsaysay,56263,56263,15398,3.653916093
R11,R11-DDS,Malalag,40158,40153,11519,3.48580606
R11,R11-DDS,Matanao,60493,60493,17012,3.555901716
R11,R11-DDS,Padada,29878,29825,7925,3.76340694
R11,R11-DDS,Santa Cruz,101125,101119,26424,3.826786255
R11,R11-DDS,Sulop,35151,35149,9623,3.652603138
R11,R11-DDS,City of Davao,1776949,1770988,476278,3.71839136
R11,R11-DOR,Baganga,58714,58551,14556,4.022464963
R11,R11-DOR,Banaybanay,44451,44417,10539,4.214536484
R11,R11-DOR,Boston,14618,14601,3596,4.060344828
R11,R11-DOR,Caraga,39704,39687,9766,4.06379275
R11,R11-DOR,Cateel,44207,44098,10902,4.044945881
R11,R11-DOR,Governor Generoso,59891,59834,14154,4.227356224
R11,R11-DOR,Lupon,66979,66796,16676,4.005516911
R11,R11-DOR,Manay,39572,39509,9480,4.167616034
R11,R11-DOR,City of Mati (Capital),147547,146887,35137,4.180408117
R11,R11-DOR,San Isidro,33664,33625,8727,3.852984989
R11,R11-DOR,Tarragona,26996,26979,6531,4.130914102
R11,R11-DOC,Don Marcelino,45540,45531,11271,4.039659303
R11,R11-DOC,Jose Abad Santos (Trinidad),73381,73345,17001,4.314157991
R11,R11-DOC,Malita (Capital),118197,118001,29489,4.001525993
R11,R11-DOC,Santa Maria,57526,57516,14706,3.911056712
R11,R11-DOC,Sarangani,22515,22514,5718,3.937390696
R12,R12-NCT,Alamada,68659,68659,15807,4.343581957
R12,R12-NCT,Carmen 3,79140,79099,18913,4.182255591
R12,R12-NCT,Kabacan 3,77164,77011,17891,4.304454754
R12,R12-NCT,City of Kidapawan (Capital),160791,160029,39891,4.011656765
R12,R12-NCT,Libungan,56269,56267,14026,4.011621275
R12,R12-NCT,Magpet,53800,53760,12997,4.136339155
R12,R12-NCT,Makilala,87927,87869,21318,4.121821935
R12,R12-NCT,Matalam,81355,81310,20071,4.051118529
R12,R12-NCT,Midsayap 3,117365,117288,28486,4.117390999
R12,R12-NCT,M'Lang,98195,98059,24208,4.050685724
R12,R12-NCT,Pigkawayan 3,52744,52615,13631,3.859951581
R12,R12-NCT,Pikit 3,67024,66999,15718,4.262565212
R12,R12-NCT,President Roxas,52512,52491,12306,4.265480254
R12,R12-NCT,Tulunan,60978,60965,14984,4.068673251
R12,R12-NCT,Antipas,26817,26747,6562,4.076043889
R12,R12-NCT,Banisilan,46995,46994,10646,4.41424009
R12,R12-NCT,Aleosan 3,36892,36890,8646,4.266712931
R12,R12-NCT,Arakan,50558,50542,12342,4.095122346
R12,R12-SCT,Banga,89164,89138,23266,3.83125591
R12,R12-SCT,City of Koronadal (Capital),195398,193607,50814,3.810111387
R12,R12-SCT,Norala,46682,46669,11385,4.099165569
R12,R12-SCT,Polomolok,172605,172400,43191,3.991572318
R12,R12-SCT,Surallah,89340,89264,22856,3.905495275
R12,R12-SCT,Tampakan,41018,41018,10472,3.916921314
R12,R12-SCT,Tantangan,45744,45708,11794,3.87552993
R12,R12-SCT,T'Boli,101049,101024,23993,4.210561414
R12,R12-SCT,Tupi,73459,73364,18355,3.99694906
R12,R12-SCT,Santo Niño,39796,39795,9892,4.022947837
R12,R12-SCT,Lake Sebu,81221,81159,18969,4.278507038
R12,R12-SCT,City of General Santos (Dadiangas),697315,695410,175345,3.965952836
R12,R12-STK,Bagumbayan,68947,68930,16893,4.080388327
R12,R12-STK,Columbio,33527,33510,8149,4.112161001
R12,R12-STK,Esperanza,74696,74670,19309,3.867108602
R12,R12-STK,Isulan (Capital),97490,96216,22547,4.267352641
R12,R12-STK,Kalamansig,50900,50730,12083,4.198460647
R12,R12-STK,Lebak,91344,91096,22155,4.111758068
R12,R12-STK,Lutayan,65644,65639,13113,5.005643255
R12,R12-STK,Lambayong (Mariano Marcos),79739,79728,20143,3.958099588
R12,R12-STK,Palimbang,92828,92768,19591,4.735235567
R12,R12-STK,President Quirino,42244,42155,10488,4.019355454
R12,R12-STK,City of Tacurong,109319,108840,25261,4.308618028
R12,R12-STK,Sen. Ninoy Aquino,47374,47272,13081,3.613790995
R12,R12-SRG,Alabel (Capital),88294,87822,20956,4.190780683
R12,R12-SRG,Glan,109547,109433,27233,4.018396798
R12,R12-SRG,Kiamba,65774,65637,15420,4.256614786
R12,R12-SRG,Maasim,64940,64923,15038,4.317262934
R12,R12-SRG,Maitum,44185,44161,10805,4.087089311
R12,R12-SRG,Malapatan,80741,80661,18604,4.335680499
R12,R12-SRG,Malungon,105465,105432,25809,4.085086598
R13,R13-ADN,Buenavista,68892,68607,16512,4.154978198
R13,R13-ADN,City of Cabadbaran,80354,80022,19224,4.162609238
R13,R13-ADN,Carmen,23172,23151,5874,3.941266599
R13,R13-ADN,Jabonga,24855,24771,6207,3.99081682
R13,R13-ADN,Kitcharao,21278,21261,4969,4.278728114
R13,R13-ADN,Las Nieves,30240,30164,6513,4.631352679
R13,R13-ADN,Magallanes,22293,22268,5174,4.303826826
R13,R13-ADN,Nasipit,44822,44786,10580,4.233081285
R13,R13-ADN,Santiago,28657,28294,5858,4.829976101
R13,R13-ADN,Tubay,25785,25743,6070,4.241021417
R13,R13-ADN,Remedios T. Romualdez,17155,17144,4035,4.2488228
R13,R13-ADN,City of Butuan (Capital),372910,370910,89408,4.1485102
R13,R13-ADS,City of Bayugan,109499,109486,26259,4.169465707
R13,R13-ADS,Bunawan,47512,47474,11924,3.981382087
R13,R13-ADS,Esperanza,59353,59348,13240,4.482477341
R13,R13-ADS,La Paz,30969,30938,6583,4.699680997
R13,R13-ADS,Loreto,43880,43763,10136,4.3175809
R13,R13-ADS,Prosperidad (Capital),88321,87531,20869,4.194307346
R13,R13-ADS,Rosario,49610,49608,11671,4.250535515
R13,R13-ADS,San Francisco,80760,80523,18945,4.250356295
R13,R13-ADS,San Luis,35196,35151,7836,4.485834609
R13,R13-ADS,Santa Josefa,26432,26410,6343,4.163644963
R13,R13-ADS,Talacogon,39678,39642,9267,4.277759793
R13,R13-ADS,Trento,54492,54491,13458,4.048967157
R13,R13-ADS,Veruela,39708,39669,9637,4.116322507
R13,R13-ADS,Sibagat,33957,33957,7794,4.356812933
R13,R13-DGI,Basilisa (Rizal),36911,36911,7060,5.228186969
R13,R13-DGI,Cagdianao,18350,18330,4466,4.104343932
R13,R13-DGI,Dinagat,10621,10610,2512,4.223726115
R13,R13-DGI,Libjo (Albor),18051,18014,4425,4.070960452
R13,R13-DGI,Loreto,9690,9669,2427,3.983930779
R13,R13-DGI,San Jose (Capital),26375,26319,6530,4.030474732
R13,R13-DGI,Tubajon,8119,8110,1971,4.114662608
R13,R13-SDN,Alegria,16184,16128,3714,4.342487884
R13,R13-SDN,Bacuag,14881,14859,3387,4.387068202
R13,R13-SDN,Burgos,4185,4185,1083,3.864265928
R13,R13-SDN,Claver,36033,35658,8537,4.176877123
R13,R13-SDN,Dapa,29006,28755,6591,4.36276741
R13,R13-SDN,Del Carmen,20127,20104,4723,4.256616557
R13,R13-SDN,General Luna,22853,22430,5492,4.08412236
R13,R13-SDN,Gigaquit,21849,21831,5229,4.174985657
R13,R13-SDN,Mainit,28019,27908,6492,4.298829328
R13,R13-SDN,Malimono,18852,18834,4629,4.068697343
R13,R13-SDN,Pilar,10374,10366,2569,4.035033087
R13,R13-SDN,Placer,29616,29522,6792,4.346584217
R13,R13-SDN,San Benito,5663,5658,1339,4.225541449
R13,R13-SDN,San Francisco (Anao-Aon),15347,15332,3734,4.106052491
R13,R13-SDN,San Isidro,8519,8463,1927,4.391800727
R13,R13-SDN,Santa Monica (Sapao),9423,9408,2321,4.053425248
R13,R13-SDN,Sison,14290,14278,3399,4.200647249
R13,R13-SDN,Socorro,25942,25872,5849,4.423320226
R13,R13-SDN,City of Surigao (Capital),171107,169853,41816,4.0619141
R13,R13-SDN,Tagana-an,17323,17323,4243,4.082724487
R13,R13-SDN,Tubod,15043,14986,3579,4.187203129
R13,R13-SDS,Barobo,53146,53114,12015,4.420640866
R13,R13-SDS,Bayabas,8979,8978,2133,4.209095171
R13,R13-SDS,City of Bislig,99290,99060,24348,4.068506654
R13,R13-SDS,Cagwait,21747,21741,5060,4.296640316
R13,R13-SDS,Cantilan,34060,33941,8115,4.18250154
R13,R13-SDS,Carmen,11720,11695,2693,4.342740438
R13,R13-SDS,Carrascal,24586,24087,5801,4.152215135
R13,R13-SDS,Cortes,17924,17919,4108,4.361976631
R13,R13-SDS,Hinatuan,43841,43706,10486,4.168033569
R13,R13-SDS,Lanuza,13642,13636,3173,4.297510243
R13,R13-SDS,Lianga,33869,33759,7788,4.334745763
R13,R13-SDS,Lingig,35142,35139,8593,4.089258699
R13,R13-SDS,Madrid,16653,16618,3984,4.171184739
R13,R13-SDS,Marihatag,19441,19418,4411,4.402176377
R13,R13-SDS,San Agustin,22855,22745,4964,4.58199033
R13,R13-SDS,San Miguel,41809,41610,8977,4.63517879
R13,R13-SDS,Tagbina,41051,40973,9686,4.230125955
R13,R13-SDS,Tago,39831,39801,9285,4.286591276
R13,R13-SDS,City of Tandag (Capital),62669,62572,14931,4.190744089
BARMM,BARMM-BAS,City of Lamitan (Capital),100150,99247,19353,5.12824885
BARMM,BARMM-BAS,Lantawan,31040,31039,5758,5.390587009
BARMM,BARMM-BAS,Maluso,45730,45587,7195,6.335927728
BARMM,BARMM-BAS,Sumisip,47345,47311,8447,5.600923405
BARMM,BARMM-BAS,Tipo-Tipo,25531,25531,4195,6.086054827
BARMM,BARMM-BAS,Tuburan,24742,24742,4012,6.166999003
BARMM,BARMM-BAS,Akbar,23098,23083,3621,6.374758354
BARMM,BARMM-BAS,Al-Barka,23736,23736,4221,5.623312011
BARMM,BARMM-BAS,Hadji Mohammad Ajul,24625,24625,3818,6.449711891
BARMM,BARMM-BAS,Ungkaya Pukan,24016,24016,4039,5.946026244
BARMM,BARMM-BAS,Hadji Muhtamad,26867,26867,4261,6.305327388
BARMM,BARMM-BAS,Tabuan-Lasa,29327,29327,4499,6.51855968
BARMM,BARMM-LDS,Bacolod-Kalawi (Bacolod Grande),23129,23129,3667,6.307335697
BARMM,BARMM-LDS,Balabagan,29863,29863,5170,5.776208897
BARMM,BARMM-LDS,Balindong (Watu),32573,32565,4640,7.018318966
BARMM,BARMM-LDS,Bayang,28023,27876,4085,6.823990208
BARMM,BARMM-LDS,Binidayan,25965,25965,4064,6.389025591
BARMM,BARMM-LDS,Bubong,26514,26514,3775,7.023576159
BARMM,BARMM-LDS,Butig,22768,22730,3591,6.329713172
BARMM,BARMM-LDS,Ganassi,30802,30802,4781,6.442585233
BARMM,BARMM-LDS,Kapai,20581,20581,2960,6.953040541
BARMM,BARMM-LDS,Lumba-Bayabao (Maguing),45909,45909,7378,6.222417999
BARMM,BARMM-LDS,Lumbatan,22780,22753,3474,6.549510651
BARMM,BARMM-LDS,Madalum,26478,26446,4211,6.280218475
BARMM,BARMM-LDS,Madamba,22050,22050,3339,6.603773585
BARMM,BARMM-LDS,Malabang,49088,49088,7647,6.419249379
BARMM,BARMM-LDS,Marantao,37763,37747,5909,6.388052124
BARMM,BARMM-LDS,City of Marawi (Capital),207010,206885,30839,6.708550861
BARMM,BARMM-LDS,Masiu,33580,33580,4963,6.76606891
BARMM,BARMM-LDS,Mulondo,19932,19916,2830,7.03745583
BARMM,BARMM-LDS,Pagayawan (Tatarikan),15057,15057,2107,7.146179402
BARMM,BARMM-LDS,Piagapo,30132,29977,4746,6.31626633
BARMM,BARMM-LDS,Poona Bayabao (Gata),31141,31141,4892,6.365699101
BARMM,BARMM-LDS,Pualas,14526,14517,2498,5.811449159
BARMM,BARMM-LDS,Ditsaan-Ramain,24406,24309,3512,6.921697039
BARMM,BARMM-LDS,Saguiaran,26712,26672,3911,6.819739197
BARMM,BARMM-LDS,Tamparan,32074,32024,4738,6.75897003
BARMM,BARMM-LDS,Taraka,27184,27156,4020,6.755223881
BARMM,BARMM-LDS,Tubaran,16896,16896,2658,6.356659142
BARMM,BARMM-LDS,Tugaya,24778,24778,3298,7.513038205
BARMM,BARMM-LDS,Wao,50366,50313,9720,5.176234568
BARMM,BARMM-LDS,Marogong,30118,30118,4245,7.094935218
BARMM,BARMM-LDS,Calanogas,14985,14981,2291,6.53906591
BARMM,BARMM-LDS,Buadiposo-Buntong,18046,18046,2787,6.475062792
BARMM,BARMM-LDS,Maguing,30436,30370,4704,6.456207483
BARMM,BARMM-LDS,Picong (Sultan Gumander),18907,18907,2872,6.58321727
BARMM,BARMM-LDS,Lumbayanague,19091,19091,3048,6.263451444
BARMM,BARMM-LDS,Amai Manabilang (Bumbaran),12124,12124,2118,5.724268178
BARMM,BARMM-LDS,Tagoloan II,12602,12602,1650,7.637575758
BARMM,BARMM-LDS,Kapatagan,20498,20398,3466,5.885170225
BARMM,BARMM-LDS,Sultan Dumalondong,12500,12500,1789,6.987143656
BARMM,BARMM-LDS,Lumbaca-Unayan,8131,8131,1236,6.578478964
BARMM,BARMM-MGD,Ampatuan,28941,28941,4820,6.004356846
BARMM,BARMM-MGD,Buldon,39684,39684,6309,6.290061816
BARMM,BARMM-MGD,Buluan,57406,57406,8847,6.48875325
BARMM,BARMM-MGD,City of Cotabato 3,325079,324539,63452,5.114716636
BARMM,BARMM-MGD,Datu Paglas,33682,33682,5588,6.027559055
BARMM,BARMM-MGD,Datu Piang,28380,28372,4647,6.105444373
BARMM,BARMM-MGD,Datu Odin Sinsuat (Dinaig),116768,116692,20284,5.752908697
BARMM,BARMM-MGD,Shariff Aguak (Maganoy) (Capital),33982,33982,5347,6.355339443
BARMM,BARMM-MGD,Matanog,36034,36034,5711,6.309578007
BARMM,BARMM-MGD,Pagalungan,46277,46277,7831,5.909462393
BARMM,BARMM-MGD,Parang,102914,102830,17712,5.805668473
BARMM,BARMM-MGD,Sultan Kudarat (Nuling),105121,105050,17437,6.024545507
BARMM,BARMM-MGD,Sultan Sa Barongis (Lambayong),24476,24468,4011,6.100224383
BARMM,BARMM-MGD,Kabuntalan (Tumbao),25439,25439,3950,6.440253165
BARMM,BARMM-MGD,Upi,59004,59003,11596,5.088220076
BARMM,BARMM-MGD,Talayan,34156,34156,5400,6.325185185
BARMM,BARMM-MGD,South Upi,43197,43197,7878,5.483244478
BARMM,BARMM-MGD,Barira,36143,36135,6008,6.014480692
BARMM,BARMM-MGD,Gen. S.K. Pendatun,31263,31263,4906,6.372401141
BARMM,BARMM-MGD,Mamasapano,27807,27807,4401,6.318336742
BARMM,BARMM-MGD,Talitay,17463,17463,2896,6.030041436
BARMM,BARMM-MGD,Pagagawan,37314,37314,6019,6.199368666
BARMM,BARMM-MGD,Paglat,18727,18727,3093,6.054639509
BARMM,BARMM-MGD,Sultan Mastura,25331,25331,4445,5.698762655
BARMM,BARMM-MGD,Guindulungan,24933,24933,3868,6.445966908
BARMM,BARMM-MGD,Datu Saudi-Ampatuan,31060,31049,4970,6.247283702
BARMM,BARMM-MGD,Datu Unsay,12890,12890,2251,5.726343847
BARMM,BARMM-MGD,Datu Abdullah Sangki,30117,30080,4958,6.066962485
BARMM,BARMM-MGD,Rajah Buayan,27832,27790,4589,6.055785574
BARMM,BARMM-MGD,Datu Blah T. Sinsuat,28243,28243,4741,5.957182029
BARMM,BARMM-MGD,Datu Anggal Midtimbang,28224,28224,4409,6.401451576
BARMM,BARMM-MGD,Mangudadatu,26203,26184,4135,6.332285369
BARMM,BARMM-MGD,Pandag,26356,26356,4146,6.356970574
BARMM,BARMM-MGD,Northern Kabuntalan,26277,26277,4448,5.907598921
BARMM,BARMM-MGD,Datu Hoffer Ampatuan,26660,26660,4443,6.000450146
BARMM,BARMM-MGD,Datu Salibo,18795,18795,3244,5.79377312
BARMM,BARMM-MGD,Shariff Saydona Mustapha,25080,25080,4494,5.580774366
BARMM,BARMM-SUL,Indanan,93168,93168,15839,5.882189532
BARMM,BARMM-SUL,Jolo (Capital),137266,137135,20354,6.737496315
BARMM,BARMM-SUL,Kalingalan Caluang,39549,39549,6912,5.721788194
BARMM,BARMM-SUL,Luuk,37873,37873,6554,5.778608483
BARMM,BARMM-SUL,Maimbung,59597,59597,10130,5.883218164
BARMM,BARMM-SUL,Hadji Panglima Tahil (Marunggas),7906,7906,1372,5.762390671
BARMM,BARMM-SUL,Old Panamao,49849,49762,7846,6.342340046
BARMM,BARMM-SUL,Pangutaran,36374,36372,6592,5.517597087
BARMM,BARMM-SUL,Parang,71495,71495,11393,6.27534451
BARMM,BARMM-SUL,Pata,24736,24720,4169,5.929479491
BARMM,BARMM-SUL,Patikul,79564,78367,13776,5.68866144
BARMM,BARMM-SUL,Siasi,81689,81689,14464,5.647746128
BARMM,BARMM-SUL,Talipao,100088,100088,15853,6.31350533
BARMM,BARMM-SUL,Tapul,20799,20799,3617,5.75034559
BARMM,BARMM-SUL,Tongkil,35616,35616,6226,5.720526823
BARMM,BARMM-SUL,Panglima Estino (New Panamao),34249,34249,4974,6.885605147
BARMM,BARMM-SUL,Lugus,29043,29043,5044,5.757930214
BARMM,BARMM-SUL,Pandami,33177,33177,6148,5.39638907
BARMM,BARMM-SUL,Omar,28070,28070,4877,5.755587451
BARMM,BARMM-TAW,Panglima Sugala (Balimbing),48055,47999,7546,6.360853432
BARMM,BARMM-TAW,Bongao (Capital),116118,115533,19589,5.897850835
BARMM,BARMM-TAW,Mapun (Cagayan de Tawi-Tawi),30038,29893,4928,6.065949675
BARMM,BARMM-TAW,Simunul,34245,34237,6100,5.612622951
BARMM,BARMM-TAW,Sitangkai,37319,37305,6842,5.452353113
BARMM,BARMM-TAW,South Ubian,29583,29582,5382,5.496469714
BARMM,BARMM-TAW,Tandubas,34316,34295,5649,6.070986015
BARMM,BARMM-TAW,Turtle Islands,5683,5660,893,6.33818589
BARMM,BARMM-TAW,Languyan,37096,36265,6599,5.495529626
BARMM,BARMM-TAW,Sapa-Sapa,33580,33572,5548,6.051189618
BARMM,BARMM-TAW,Sibutu,34243,34204,5692,6.009135629
BARMM,BARMM-INT,Carmen Cluster,28463,28463,6545,4.34881589
BARMM,BARMM-INT,Kabacan Cluster,16658,16658,4007,4.157224857
BARMM,BARMM-INT,Midsayap Cluster I,25573,25566,5006,5.107071514
BARMM,BARMM-INT,Midsayap Cluster II,22438,22438,4275,5.248654971
BARMM,BARMM-INT,Pigkawayan Cluster,19627,19624,4356,4.505050505
BARMM,BARMM-INT,Pikit Cluster I,38795,38732,8935,4.334862899
BARMM,BARMM-INT,Pikit Cluster II,34341,34329,7978,4.302958135
BARMM,BARMM-INT,Pikit Cluster III,29538,29538,6566,4.498629302
